RecordedDate,ResponseId,RANGE,MDMT_Performance,MDMT_MoralOld,MDMT_Rel,MDMT_Comp,MDMT_Sinc,MDMT_Eth,1_Reliable,5_Predictable,_Someone you can count on,13_Consistent,3_Capable,7_Skilled,11_Competent,15_Meticulous,2_Sincere,6_Genuine,10_Candid,14_Authentic,4_Ethical,8_Respectable,12_Principled,16_Has integrity,DNF_Perf,DNF_MoralOld,DNF_Rel,DNF_Comp,DNF_Sinc,DNF_Ethic
11/8/18 6:31,R_1X4EP53TK1Bmlr3,1,4.125,4.000,4.00,4.25,4.00,4.00,4,4,4,4,5,4,4,4,4,4,4,4,4,4,4,4,0,0,0,0,0,0
11/8/18 6:02,R_3PqHjSMUkWxO4Fz,1,6.875,6.000,7.00,6.75,6.00,6.00,7,7,7,7,6,7,7,7,6,6,6,6,6,6,6,6,0,0,0,0,0,0
11/7/18 18:12,R_3F56rpcS0iZ82EP,1,4.875,4.125,4.75,5.00,4.25,4.00,5,4,5,5,5,5,5,5,4,4,4,5,4,4,4,4,0,0,0,0,0,0
11/8/18 7:24,R_1FM39nicl5CleZD,1,1.500,1.250,1.50,1.50,1.25,1.25,2,2,1,1,2,1,2,1,1,1,2,1,1,1,2,1,0,0,0,0,0,0
11/7/18 20:12,R_ZesRyVyBEIkpHdn,1,3.875,4.000,3.75,4.00,4.00,4.00,4,3,4,4,4,4,4,4,4,4,4,4,4,4,4,4,0,0,0,0,0,0
11/8/18 8:02,R_2fDsYt3kfKZfdgh,1,5.625,5.625,5.75,5.50,5.50,5.75,6,5,6,6,6,6,5,5,5,5,6,6,5,6,6,6,0,0,0,0,0,0
11/8/18 6:49,R_NV0iiNqVP7tVnYl,1,5.250,5.500,5.00,5.50,5.50,5.50,5,5,5,5,6,6,5,5,6,5,5,6,6,6,5,5,0,0,0,0,0,0
11/8/18 4:34,R_2XgNRdeOvmewrmM,1,5.875,5.375,5.75,6.00,5.25,5.50,5,6,6,6,6,6,6,6,5,5,6,5,5,6,5,6,0,0,0,0,0,0
11/8/18 7:05,R_3RyeAfGewZh1hzt,1,0.250,0.000,0.25,0.25,0.00,0.00,0,1,0,0,0,1,0,0,0,0,0,0,0,0,0,0,0,0,0,0,0,0
11/8/18 14:59,R_3hxAlSz4VVtUurh,2,7.000,7.000,7.00,7.00,7.00,,7,7,7,7,7,7,7,7,,,7,,,,,,0,3.5,0,0,3,4
11/8/18 6:50,R_2X6bzaLnI3wNrpg,2,3.125,2.750,3.25,3.00,2.25,3.25,4,3,2,4,3,3,3,3,2,2,3,2,3,3,3,4,0,0,0,0,0,0
11/8/18 15:33,R_2sYWCoCeCNIwzTR,2,7.000,7.000,7.00,7.00,,7.00,7,7,7,,7,7,7,,,,,,,7,,7,1,3,1,1,4,2
11/7/18 22:11,R_ThFoMW8LXRuO3GV,2,0.625,0.000,0.25,1.00,0.00,0.00,1,0,0,0,2,2,0,0,0,0,0,0,0,0,0,0,0,0,0,0,0,0
11/7/18 17:45,R_2c2Bvpy1sPznUnV,2,7.000,,7.00,7.00,,,7,7,7,7,7,7,7,7,,,,,,,,,0,4,0,0,4,4
11/8/18 7:10,R_28IJobYQiIavhck,2,7.000,,7.00,7.00,,,7,7,7,7,7,7,7,7,,,,,,,,,0,4,0,0,4,4
11/8/18 10:28,R_3oFNgboHB40l2VE,2,7.000,7.000,7.00,7.00,7.00,7.00,7,7,,7,7,7,7,,,,,7,7,,,7,1,2.5,1,1,3,2
11/7/18 20:07,R_TdND1DAj0vaCvbH,2,7.000,,7.00,7.00,,,7,7,7,7,7,7,7,7,,,,,,,,,0,4,0,0,4,4
11/8/18 7:40,R_1IuEqzKjdmuK1Jr,2,7.000,7.000,7.00,7.00,7.00,7.00,7,7,7,7,7,7,7,7,,,,7,,,,7,0,3,0,0,3,3
11/7/18 18:56,R_3EL9LogdzZYTrWz,2,5.875,6.000,6.00,5.75,6.00,6.00,5,7,5,7,6,6,6,5,6,6,5,7,7,6,6,5,0,0,0,0,0,0
11/8/18 7:38,R_27vuGKZyMuq6hO2,2,5.375,4.625,5.00,5.75,4.25,5.00,6,4,5,5,6,6,6,5,5,4,4,4,5,5,5,5,0,0,0,0,0,0
11/8/18 7:10,R_BsntsVuF0Zo9cFH,2,1.625,1.125,1.75,1.50,1.00,1.25,1,3,1,2,3,1,1,1,1,1,1,1,2,1,1,1,0,0,0,0,0,0
11/8/18 14:16,R_3Gl987rTcvY54oa,2,7.000,7.000,7.00,7.00,,7.00,7,7,,7,7,7,7,7,,,,,7,,7,,0.5,3,1,0,4,2
11/7/18 18:39,R_1CK22XFamvGlGA1,2,4.625,4.250,4.75,4.50,4.00,4.50,5,5,5,4,4,6,4,4,4,4,4,4,5,4,4,5,0,0,0,0,0,0
11/8/18 14:57,R_3vD4PM18QItIHfz,2,7.000,7.000,7.00,7.00,,7.00,7,7,7,7,7,7,7,7,,,,,,7,,,0,3.5,0,0,4,3
11/8/18 6:37,R_3IWb72kOMpVFT4u,2,5.750,5.500,5.50,6.00,5.75,5.25,6,4,6,6,6,6,6,6,6,6,5,6,4,6,6,5,0,0,0,0,0,0
11/8/18 4:47,R_2tz0LgnWuQDjTki,2,7.000,7.000,7.00,7.00,7.00,7.00,7,7,7,7,7,7,7,7,,,7,7,,7,7,7,0,1.5,0,0,2,1
11/8/18 7:17,R_YRmAZN7W97O0NFL,2,7.000,,7.00,7.00,,,7,7,7,7,7,7,7,,,,,,,,,,0.5,4,0,1,4,4
11/7/18 18:55,R_1jri3ApblEA1moz,2,7.000,7.000,7.00,7.00,7.00,7.00,7,7,,7,7,7,7,7,,7,,7,,7,,,0.5,2.5,1,0,2,3
11/8/18 2:25,R_3k88FUyb3fnAUTD,2,7.000,7.000,7.00,7.00,,7.00,7,7,7,,7,7,7,7,,,,,,,,7,0.5,3.5,1,0,4,3
11/8/18 5:49,R_bQHYDD9rZ31aEeZ,2,5.875,6.125,5.75,6.00,6.00,6.25,6,6,5,6,6,5,6,7,7,5,6,6,7,6,5,7,0,0,0,0,0,0
11/8/18 4:47,R_32R7QTMT2eTiXYq,2,5.750,4.000,5.50,6.00,4.00,4.00,6,6,4,6,6,6,6,6,4,4,4,4,4,4,4,4,0,0,0,0,0,0
11/7/18 17:44,R_38BB2wpiJAzbXZn,2,6.250,6.125,6.00,6.50,5.75,6.50,5,6,6,7,6,7,6,7,6,5,7,5,7,6,7,6,0,0,0,0,0,0
11/7/18 20:30,R_Yb6W3Go9bkTfJZL,2,7.000,7.000,7.00,7.00,,7.00,7,7,7,7,7,7,7,,,,,,,7,,,0.5,3.5,0,1,4,3
11/8/18 16:23,R_3JaahkVx5vZMxp5,2,5.750,6.375,5.75,5.75,6.25,6.50,6,6,5,6,6,6,6,5,6,6,7,6,7,6,6,7,0,0,0,0,0,0
11/8/18 12:45,R_3Pdfiv8dNN7fKFm,2,7.000,7.000,7.00,7.00,7.00,,7,7,7,7,7,7,7,7,,,7,7,,,,,0,3,0,0,2,4
11/7/18 17:45,R_2dAqpxlNINAjTvf,2,7.000,,7.00,7.00,,,7,7,7,7,7,7,7,7,,,,,,,,,0,4,0,0,4,4
11/7/18 20:03,R_2WYHtLCNrU83zom,2,7.000,,7.00,7.00,,,7,7,,7,7,7,,7,,,,,,,,,1,4,1,1,4,4
11/8/18 9:17,R_XOnq7DRlW1Vym2J,2,7.000,7.000,7.00,7.00,7.00,7.00,7,7,,7,7,7,7,7,,,,7,,7,,,0.5,3,1,0,3,3
11/7/18 21:02,R_3dKTsytSTDtynR6,2,7.000,7.000,7.00,7.00,,7.00,7,7,7,7,7,7,7,7,,,,,,7,,,0,3.5,0,0,4,3
11/7/18 21:15,R_1FDQzHI3Bo4nw8f,2,4.625,4.750,5.00,4.25,5.25,4.25,5,6,5,4,4,4,5,4,5,5,5,6,4,4,4,5,0,0,0,0,0,0
11/7/18 18:48,R_9XdOUVTUMaAaXjH,2,7.000,7.000,7.00,7.00,7.00,7.00,7,7,7,7,7,7,7,,,7,,7,,,7,7,0.5,2,0,1,2,2
11/8/18 5:11,R_OqeU7HeEEDxBOY9,2,0.500,0.000,0.50,0.50,0.00,0.00,2,0,0,0,0,2,0,0,0,0,0,0,0,0,0,0,0,0,0,0,0,0
11/8/18 8:39,R_2ONlxXrYvnenvLz,2,7.000,,7.00,7.00,,,7,7,7,7,7,7,7,7,,,,,,,,,0,4,0,0,4,4
11/8/18 16:25,R_1NlfibbKut2JHRN,2,7.000,,7.00,7.00,,,7,7,7,7,7,7,7,7,,,,,,,,,0,4,0,0,4,4
11/8/18 5:16,R_xh0ep46CSiu4VXP,2,5.875,5.750,5.25,6.50,5.50,6.00,6,5,5,5,6,7,7,6,5,6,6,5,7,6,6,5,0,0,0,0,0,0
11/7/18 17:47,R_Djh978COpAkKhHz,2,7.000,,7.00,7.00,,,7,7,7,7,7,7,7,7,,,,,,,,,0,4,0,0,4,4
11/8/18 15:57,R_1OuTBwI27BM5skR,2,5.625,5.500,6.00,5.25,5.25,5.75,5,6,6,7,6,5,5,5,5,6,5,5,6,5,7,5,0,0,0,0,0,0
11/8/18 13:31,R_OiDWmRyF3WhO2Vb,2,6.000,5.250,6.00,6.00,5.00,5.50,6,6,6,6,6,6,6,6,4,4,6,6,6,4,6,6,0,0,0,0,0,0
11/7/18 19:49,R_21idcKRaxUqLqVO,2,7.000,7.000,7.00,7.00,,7.00,7,7,7,7,7,7,7,7,,,,,,7,,,0,3.5,0,0,4,3
11/7/18 19:32,R_32Y2nlkqo1LB3aj,2,7.000,7.000,7.00,7.00,7.00,7.00,7,7,7,7,7,7,7,7,7,,,,7,7,7,7,0,1.5,0,0,3,0
11/8/18 9:21,R_2s4qbA6WLhpP2XM,2,7.000,,7.00,7.00,,,7,,,7,7,7,7,,,,,,,,,,1.5,4,2,1,4,4
11/7/18 19:41,R_28Srs5VH8gAWIDV,2,7.000,7.000,7.00,7.00,7.00,7.00,7,7,,7,7,7,7,7,,7,7,7,7,,7,,0.5,1.5,1,0,1,2
11/7/18 21:19,R_Td79b9gxpSOVZS1,2,7.000,7.000,7.00,7.00,,7.00,7,7,7,7,7,,7,,,,,,7,7,,,1,3,0,2,4,2
11/8/18 15:50,R_3nlpMhdYZBb3zoa,2,3.625,3.625,3.75,3.50,3.75,3.50,4,4,4,3,3,3,4,4,4,3,5,3,3,4,4,3,0,0,0,0,0,0
11/8/18 19:05,R_2EvrGXKSC0weFXs,2,7.000,7.000,7.00,7.00,,7.00,7,7,7,7,7,7,7,7,,,,,,7,,,0,3.5,0,0,4,3
11/8/18 6:12,R_brt3bpFEK5XPR6x,2,7.000,7.000,7.00,7.00,7.00,7.00,7,7,7,7,7,7,7,7,,,7,,7,,7,,0,2.5,0,0,3,2
11/8/18 9:47,R_8cZjHekiIpCsf3b,2,7.000,7.000,7.00,7.00,7.00,,7,7,7,7,7,7,7,7,,,,7,,,,,0,3.5,0,0,3,4
11/7/18 18:37,R_9p3BSLkgX1v8e7D,2,6.625,6.625,6.75,6.50,6.25,7.00,7,6,7,7,7,5,7,7,7,7,6,5,7,7,7,7,0,0,0,0,0,0
11/7/18 18:55,R_efjQnpeoOVs2E2R,2,7.000,7.000,7.00,7.00,7.00,7.00,7,7,7,7,7,7,7,7,,7,,,7,7,7,,0,2,0,0,3,1
11/8/18 12:57,R_2xFV1eSmUkU8qZA,2,7.000,7.000,7.00,7.00,7.00,7.00,7,7,7,7,7,7,7,7,7,7,7,7,7,,7,,0,1,0,0,0,2
11/8/18 13:06,R_3oL1Puf3L8upvOW,2,7.000,7.000,7.00,7.00,7.00,,7,7,7,7,7,7,7,7,,,,7,,,,,0,3.5,0,0,3,4
11/8/18 6:20,R_42AlEEqFBa8vOU1,2,3.875,4.000,3.75,4.00,4.00,4.00,4,3,5,3,4,4,4,4,5,3,5,3,4,5,3,4,0,0,0,0,0,0
11/7/18 23:43,R_2ZUfH6pi4fH32O4,2,7.000,7.000,7.00,7.00,7.00,7.00,7,7,,7,7,7,7,7,,7,,7,,7,,,0.5,2.5,1,0,2,3
11/7/18 23:25,R_wNw7BdKMV8o2xG1,2,7.000,,7.00,7.00,,,7,7,,7,7,7,7,7,,,,,,,,,0.5,4,1,0,4,4
11/8/18 8:32,R_3NXotq6Krxu0J6n,2,7.000,,7.00,7.00,,,7,7,,7,7,7,7,7,,,,,,,,,0.5,4,1,0,4,4
11/8/18 8:50,R_2e2xYpJRY2P0AVP,2,7.000,,7.00,7.00,,,7,7,7,7,7,7,7,7,,,,,,,,,0,4,0,0,4,4
11/8/18 0:19,R_3fHmd8EMftK7zMK,2,7.000,,7.00,7.00,,,7,7,7,7,7,7,7,7,,,,,,,,,0,4,0,0,4,4
11/7/18 21:11,R_1otcZq6sbv0w3E2,2,7.000,7.000,7.00,7.00,7.00,,7,7,7,7,7,7,7,7,,7,,,,,,,0,3.5,0,0,3,4
11/7/18 18:29,R_2rpVUgi36tTlQpc,2,3.250,2.750,3.75,2.75,2.25,3.25,3,4,4,4,2,3,3,3,3,2,2,2,3,3,3,4,0,0,0,0,0,0
11/8/18 12:34,R_2UcqVQrnMpOAD5O,2,7.000,7.000,7.00,7.00,7.00,7.00,7,7,7,7,7,7,7,7,7,7,,7,,7,,,0,2,0,0,1,3
11/8/18 3:53,R_73AeogeQ6ZbI0BX,2,5.500,5.000,5.25,5.75,5.00,5.00,5,5,5,6,6,6,6,5,4,6,5,5,5,4,6,5,0,0,0,0,0,0
11/8/18 7:03,R_1d45CP8EkO3tkKO,2,7.000,7.000,7.00,7.00,7.00,,7,7,,7,7,7,7,7,,,,7,,,,,0.5,3.5,1,0,3,4
11/7/18 20:35,R_1CIlIaaU4rZr0aC,2,7.000,7.000,7.00,7.00,,7.00,7,7,7,7,7,7,7,,,,,,,7,,,0.5,3.5,0,1,4,3
11/8/18 15:17,R_1GDkETLvqEMr0kP,2,6.750,6.750,6.75,6.75,6.50,7.00,6,7,7,7,6,7,7,7,5,7,7,7,7,7,7,7,0,0,0,0,0,0
11/7/18 19:16,R_O0Bemv9FONajZ29,2,7.000,7.000,7.00,7.00,7.00,7.00,7,7,,7,7,,7,7,,,,7,7,,,7,1,2.5,1,1,3,2
11/8/18 10:46,R_uqfSGb8yGiylohH,2,5.250,4.125,5.25,5.25,4.25,4.00,6,6,4,5,6,6,5,4,4,5,4,4,4,4,4,4,0,0,0,0,0,0
11/7/18 17:45,R_1NymOs3xP6snjSG,2,7.000,,7.00,7.00,,,7,7,,7,7,7,7,7,,,,,,,,,0.5,4,1,0,4,4
11/7/18 19:04,R_1IlP3knK9POk0TC,2,7.000,7.000,7.00,7.00,7.00,7.00,7,7,7,7,7,7,7,7,,,7,7,,7,,,0,2.5,0,0,2,3
11/7/18 17:44,R_DMCvJkr9U91x8Ax,2,7.000,7.000,7.00,7.00,7.00,,7,7,7,7,7,7,7,7,,,,7,,,,,0,3.5,0,0,3,4
11/8/18 5:37,R_3HFd96z7ouG1lcP,2,5.750,4.500,5.50,6.00,4.25,4.75,6,6,4,6,6,6,6,6,4,4,4,5,4,4,6,5,0,0,0,0,0,0
11/7/18 21:51,R_XHfyx2onkqzjuJH,2,3.250,3.625,2.75,3.75,3.50,3.75,2,4,2,3,4,3,4,4,4,4,4,2,3,4,4,4,0,0,0,0,0,0
11/7/18 20:28,R_1C8sYxEs9bJbYQ8,2,7.000,7.000,7.00,7.00,7.00,,7,7,,7,7,7,7,7,,7,,7,,,,,0.5,3,1,0,2,4
11/8/18 17:43,R_1LUWQ6Il0pzBo3k,2,5.375,5.125,5.25,5.50,5.00,5.25,6,5,5,5,6,6,5,5,5,4,6,5,5,5,6,5,0,0,0,0,0,0
11/7/18 18:19,R_32XF7XZhBdCuJeU,2,5.500,4.000,5.25,5.75,4.00,4.00,6,5,5,5,6,6,6,5,4,4,4,4,4,4,4,4,0,0,0,0,0,0
11/8/18 9:50,R_2Y8J1xqBhI0gDJX,2,7.000,7.000,7.00,7.00,7.00,,7,7,7,7,7,7,7,7,,7,,7,,,,,0,3,0,0,2,4
11/7/18 23:22,R_1NadysxueRNqIg7,2,6.625,5.625,6.50,6.75,6.00,5.25,7,7,6,6,7,7,7,6,6,6,5,7,5,5,6,5,0,0,0,0,0,0
11/8/18 16:32,R_3MgvsXE62NrFBAL,2,7.000,,7.00,7.00,,,7,7,,7,7,7,7,,,,,,,,,,1,4,1,1,4,4
11/7/18 21:01,R_Dcmw2YS195mM9hv,2,5.625,5.500,5.50,5.75,6.00,5.00,6,5,5,6,6,6,6,5,6,6,6,6,6,6,4,4,0,0,0,0,0,0
11/8/18 9:18,R_egtbykfGW9yQ5Lb,2,7.000,7.000,7.00,7.00,7.00,7.00,7,7,7,7,7,7,7,7,,7,,7,,7,,,0,2.5,0,0,2,3
11/7/18 19:30,R_3ivQJPhkmE2oxFX,2,7.000,7.000,7.00,7.00,7.00,,7,7,,7,7,7,7,7,,7,7,,,,,,0.5,3,1,0,2,4
11/7/18 20:18,R_1eKMByvBXpB924Q,2,7.000,7.000,7.00,7.00,,7.00,7,7,,7,7,,7,7,,,,,,7,,,1,3.5,1,1,4,3
11/8/18 7:15,R_BugsK0w6a4ftg0p,2,7.000,,7.00,7.00,,,7,7,7,,7,7,7,,,,,,,,,,1,4,1,1,4,4
11/7/18 19:19,R_2dSF3C37h1mUQn4,2,7.000,7.000,7.00,7.00,7.00,,7,7,7,7,7,7,7,7,,,,7,,,,,0,3.5,0,0,3,4
11/8/18 10:01,R_3JkqLnp7NetmLNm,2,7.000,,7.00,7.00,,,7,7,,7,7,7,7,7,,,,,,,,,0.5,4,1,0,4,4
11/8/18 15:25,R_e8IUAE1kNs5VveV,2,7.000,,7.00,7.00,,,7,7,7,7,7,7,7,,,,,,,,,,0.5,4,0,1,4,4
11/7/18 17:50,R_2rBCnTDcnu3Mgpb,2,7.000,,7.00,7.00,,,7,7,7,7,7,7,7,7,,,,,,,,,0,4,0,0,4,4
11/8/18 3:27,R_0JKQkMMAgCvT0g9,2,6.375,6.750,6.25,6.50,6.50,7.00,7,5,6,7,7,7,7,5,6,7,6,7,7,7,7,7,0,0,0,0,0,0
11/8/18 13:22,R_2viaQdJ9XDhL5n8,2,7.000,7.000,7.00,7.00,7.00,7.00,7,7,7,7,7,7,7,7,7,7,7,7,7,7,,7,0,0.5,0,0,0,1
11/8/18 2:28,R_1fZ1nLm4q2tip64,2,4.500,4.250,4.75,4.25,4.25,4.25,6,4,5,4,5,4,4,4,4,4,5,4,4,5,4,4,0,0,0,0,0,0
11/7/18 18:40,R_bjcAoMwpD68vTLr,2,5.875,4.250,5.75,6.00,4.00,4.50,6,6,5,6,6,6,6,6,4,4,4,4,6,4,4,4,0,0,0,0,0,0
11/7/18 18:46,R_3dH5g2GfpCCkJtA,2,5.500,4.625,5.00,6.00,4.50,4.75,5,5,4,6,6,6,6,6,4,5,4,5,5,5,4,5,0,0,0,0,0,0
11/8/18 6:22,R_3qOR197EJCJc0Um,2,1.000,1.250,1.00,1.00,1.00,1.50,1,1,1,1,1,1,1,1,1,1,1,1,3,1,1,1,0,0,0,0,0,0
11/7/18 17:53,R_3ReewQgOkTg4xrJ,2,7.000,,7.00,7.00,,,7,7,7,7,7,,7,,,,,,,,,,1,4,0,2,4,4
11/7/18 17:50,R_1ihCezYRxUDkUf0,2,7.000,7.000,7.00,7.00,,7.00,7,7,,7,7,7,7,7,,,,,,7,,,0.5,3.5,1,0,4,3
11/7/18 20:35,R_2S6UGvrKf3AxlkA,2,5.625,5.625,5.75,5.50,5.75,5.50,6,6,6,5,5,6,5,6,5,6,6,6,5,7,5,5,0,0,0,0,0,0
11/8/18 10:01,R_2ZULM4okmQO1p2X,2,4.375,3.750,3.75,5.00,3.75,3.75,4,3,4,4,5,5,5,5,4,3,4,4,4,4,3,4,0,0,0,0,0,0
11/7/18 19:03,R_V4gUT0yfTWOantL,2,6.125,5.750,6.25,6.00,5.75,5.75,5,7,6,7,6,6,6,6,5,5,6,7,6,6,6,5,0,0,0,0,0,0
11/8/18 7:39,R_1drZE3lKZc7BeHS,2,0.250,0.000,0.00,0.50,0.00,0.00,0,0,0,0,2,0,0,0,0,0,0,0,0,0,0,0,0,0,0,0,0,0
11/7/18 22:37,R_2ZQyOyaFEVdeLCn,2,7.000,7.000,7.00,7.00,7.00,,7,7,7,7,7,7,7,7,,,,7,,,,,0,3.5,0,0,3,4
11/8/18 5:28,R_24Bsszm9JNS4vqf,2,6.000,5.500,5.50,6.50,5.50,5.50,7,5,5,5,7,7,7,5,5,5,7,5,5,5,7,5,0,0,0,0,0,0
11/7/18 18:57,R_2eQIGnPyRBwfnUT,2,7.000,,7.00,7.00,,,7,7,,7,7,7,7,7,,,,,,,,,0.5,4,1,0,4,4
11/8/18 7:16,R_3fPsNmSVeSma0uH,2,7.000,,7.00,7.00,,,7,7,,7,7,7,7,7,,,,,,,,,0.5,4,1,0,4,4
11/7/18 18:13,R_2OIIRWXUIUlBhwU,2,7.000,,7.00,7.00,,,7,7,,7,7,7,7,7,,,,,,,,,0.5,4,1,0,4,4
11/7/18 21:50,R_117rHjPetmy0shS,2,7.000,7.000,7.00,7.00,7.00,7.00,7,7,7,7,7,7,7,7,,,7,7,,7,,,0,2.5,0,0,2,3
11/7/18 22:37,R_24wwuPYgczmUBCX,2,7.000,,7.00,7.00,,,7,7,,7,7,7,7,7,,,,,,,,,0.5,4,1,0,4,4
11/7/18 17:53,R_2VsSGDtny85vTjX,2,7.000,,7.00,7.00,,,7,7,7,7,7,7,7,,,,,,,,,,0.5,4,0,1,4,4
11/8/18 14:58,R_1rkVfkArIV1b823,2,7.000,,7.00,7.00,,,7,7,,7,7,7,,,,,,,,,,,1.5,4,1,2,4,4
11/8/18 3:58,R_2fcSQlnwsb03u4X,2,5.000,5.125,5.00,5.00,5.25,5.00,6,5,5,4,6,5,5,4,6,5,5,5,6,5,5,4,0,0,0,0,0,0
11/7/18 20:30,R_BJ5t62slN3AFhnP,2,3.500,3.625,3.50,3.50,3.25,4.00,2,4,4,4,2,4,4,4,2,4,3,4,4,4,4,4,0,0,0,0,0,0
11/7/18 17:50,R_2rD9HazJHumuRF5,2,7.000,7.000,7.00,7.00,7.00,7.00,7,7,7,7,7,7,7,7,,7,,7,,7,7,7,0,1.5,0,0,2,1
11/7/18 20:01,R_2zpwXtub3ZPzWBo,2,7.000,7.000,7.00,7.00,,7.00,7,7,7,7,7,7,7,7,,,,,7,,7,,0,3,0,0,4,2
11/8/18 17:34,R_DI9CbHt9sGrBX2N,3,6.500,,6.33,6.67,,,6,6,,7,7,6,7,,,,,,,,,,1,4,1,1,4,4
11/7/18 18:17,R_3iqJtFK1mN3ka1H,3,6.167,6.000,6.33,6.00,,6.00,6,7,,6,6,6,6,6,,,,,,6,,,0.5,3.5,1,0,4,3
11/8/18 17:41,R_3Eny3XHRfoKUsyT,3,4.500,4.000,5.00,4.00,4.00,4.00,4,6,4,6,3,4,4,5,3,3,6,4,3,4,5,4,0,0,0,0,0,0
11/8/18 4:00,R_RLeMQpqohiXR2Ct,3,6.250,4.750,6.25,6.25,4.00,5.50,7,7,4,7,7,7,7,4,4,4,4,4,7,7,4,4,0,0,0,0,0,0
11/8/18 6:32,R_42cAndvBkUkn3u9,3,4.875,3.625,4.75,5.00,3.75,3.50,6,4,5,4,5,6,5,4,3,4,4,4,3,4,3,4,0,0,0,0,0,0
11/7/18 18:25,R_24JdNwrxhah8KTi,3,5.750,4.625,5.75,5.75,4.75,4.50,5,6,6,6,6,6,5,6,4,4,6,5,3,5,5,5,0,0,0,0,0,0
11/7/18 23:22,R_239SF5bhS13l4Ga,3,7.000,5.375,7.00,7.00,5.75,5.00,7,7,7,7,7,7,7,7,5,5,6,7,5,5,4,6,0,0,0,0,0,0
11/8/18 7:05,R_9ACdkRbCosZSdY5,3,5.250,3.875,5.25,5.25,4.00,3.75,5,5,5,6,6,5,5,5,3,5,3,5,4,4,4,3,0,0,0,0,0,0
11/8/18 15:16,R_UtoKPZXDQSCvsMF,3,3.750,3.375,4.00,3.50,3.50,3.25,5,3,5,3,3,5,4,2,4,3,5,2,3,4,3,3,0,0,0,0,0,0
11/8/18 5:03,R_3F4Y1cmUHMdnzF2,3,5.000,4.125,4.75,5.25,4.00,4.25,4,6,4,5,6,6,4,5,3,4,3,6,4,5,3,5,0,0,0,0,0,0
11/7/18 21:09,R_wN6sguI7q3hKkEx,3,6.500,6.500,6.00,7.00,6.00,7.00,6,4,7,7,7,7,7,7,6,6,5,7,7,7,7,7,0,0,0,0,0,0
11/8/18 5:38,R_1n0YxAVt9RDbWVr,3,6.250,5.875,6.25,6.25,5.50,6.25,7,7,6,5,6,6,7,6,5,7,4,6,6,7,5,7,0,0,0,0,0,0
11/8/18 6:20,R_eFKQ4zBEElXctSF,3,6.125,5.625,6.25,6.00,5.50,5.75,6,7,6,6,7,5,6,6,6,6,4,6,7,4,7,5,0,0,0,0,0,0
11/8/18 8:57,R_3gUvECoCx1EHKpc,3,6.750,6.000,6.50,7.00,,6.00,6,7,6,7,7,7,7,7,,,,,6,,,,0,3.5,0,0,4,3
11/8/18 8:49,R_XLgoX23bYTqNRV7,3,7.000,6.250,7.00,7.00,6.25,6.25,7,7,7,7,7,7,7,7,4,7,7,7,7,7,7,4,0,0,0,0,0,0
11/7/18 18:51,R_u1wSFgHW7sc0Mj7,3,5.000,2.500,5.00,5.00,2.50,2.50,5,5,5,5,5,5,5,5,2,2,4,2,2,2,2,4,0,0,0,0,0,0
11/7/18 19:18,R_28TgE4pSdheidoW,3,4.250,4.250,4.00,4.50,4.00,4.50,4,3,5,4,4,5,4,5,3,4,4,5,4,4,6,4,0,0,0,0,0,0
11/8/18 10:57,R_114HuohVwk85JFo,3,5.625,5.750,5.50,5.75,5.75,5.75,5,5,6,6,5,7,5,6,6,6,5,6,4,7,6,6,0,0,0,0,0,0
11/8/18 8:43,R_3rSC6P4pH6SXtXi,3,4.500,4.500,4.00,5.00,4.50,4.50,5,3,4,4,5,3,6,6,4,4,5,5,5,6,4,3,0,0,0,0,0,0
11/8/18 0:49,R_2CBVQL74EN39UDx,3,5.375,4.750,5.75,5.00,4.00,5.50,6,5,5,7,5,5,5,5,4,4,4,4,7,7,4,4,0,0,0,0,0,0
11/8/18 6:43,R_s7MmZXpfhKDhjpv,3,6.500,6.000,6.75,6.25,6.00,,7,7,7,6,6,6,7,6,,6,,6,,,,,0,3,0,0,2,4
11/8/18 3:46,R_30qUUYAXMxPtHnI,3,6.000,6.000,6.00,6.00,6.00,,6,6,6,6,6,6,6,6,,,6,,,,,,0,3.5,0,0,3,4
11/7/18 21:20,R_7839Z2CVJ2tgV2N,3,6.750,7.000,6.50,7.00,,7.00,7,6,7,6,7,7,7,7,,,,,,7,,,0,3.5,0,0,4,3
11/7/18 20:23,R_1LYvvxCutKMpqE8,3,4.750,4.000,5.50,4.00,4.00,4.00,4,7,4,7,4,4,4,4,4,4,4,4,4,4,4,4,0,0,0,0,0,0
11/8/18 6:49,R_2ahnYHadJTFLjkL,3,6.000,,6.00,6.00,,,6,6,,6,6,6,6,6,,,,,,,,,0.5,4,1,0,4,4
11/7/18 19:07,R_3FWjkjjC401jlcQ,3,6.625,5.125,6.25,7.00,5.50,4.75,7,7,4,7,7,7,7,7,4,7,4,7,7,4,4,4,0,0,0,0,0,0
11/7/18 19:54,R_3lWDckM44JAMqTe,3,6.875,7.000,6.75,7.00,7.00,7.00,7,7,6,7,7,7,7,7,,7,,7,,7,,,0,2.5,0,0,2,3
11/7/18 18:42,R_2ckeqXRbOsSuKXE,3,6.000,,6.00,6.00,,,6,6,6,6,6,6,6,6,,,,,,,,,0,4,0,0,4,4
11/7/18 19:31,R_3ithpPMIHYavaXz,3,6.000,,6.00,6.00,,,6,6,6,6,6,6,6,6,,,,,,,,,0,4,0,0,4,4
11/8/18 7:47,R_3PyJsF9xLTeR77U,3,4.625,4.500,4.00,5.25,4.25,4.75,5,3,3,5,6,6,5,4,5,5,3,4,5,4,5,5,0,0,0,0,0,0
11/7/18 23:14,R_Uz5NSQcGAGkgJtD,3,6.250,6.000,6.50,6.00,6.00,,6,7,6,7,6,6,6,,,,6,,,,,,0.5,3.5,0,1,3,4
11/8/18 14:34,R_2TMOzPXXgpGViiS,3,6.375,,6.75,6.00,,,6,7,7,7,6,,,,,,,,,,,,1.5,4,0,3,4,4
11/8/18 11:21,R_8CieMv0U79tqvdv,3,1.375,0.000,1.00,1.75,0.00,0.00,2,1,0,1,3,3,0,1,0,0,0,0,0,0,0,0,0,0,0,0,0,0
11/7/18 20:08,R_2VR1xisHIAt2JLz,3,7.000,5.375,7.00,7.00,5.00,5.75,7,7,7,7,7,7,7,7,4,4,5,7,4,5,7,7,0,0,0,0,0,0
11/7/18 20:20,R_11hbqXtGn6vOgo5,3,6.500,,6.25,6.75,,,6,7,6,6,7,7,7,6,,,,,,,,,0,4,0,0,4,4
11/7/18 22:20,R_yt3eTzGl1qNFuj7,3,6.875,4.375,6.75,7.00,4.75,4.00,7,7,6,7,7,7,7,7,7,4,4,4,4,4,4,4,0,0,0,0,0,0
11/7/18 18:46,R_27KfN2JGEqWUvEJ,3,5.125,4.875,5.50,4.75,5.25,4.50,5,6,6,5,6,5,4,4,6,5,5,5,5,3,6,4,0,0,0,0,0,0
11/8/18 13:30,R_2SjbRTYTLl7iFqC,3,5.750,4.000,5.25,6.25,4.00,4.00,6,4,4,7,6,6,6,7,4,4,4,4,4,4,4,4,0,0,0,0,0,0
11/7/18 23:22,R_3Jr7f3KJRVLq6jr,3,7.000,6.500,7.00,7.00,,6.50,7,7,7,7,7,7,7,,,,,,7,6,,,0.5,3,0,1,4,2
11/7/18 21:15,R_3pok2ApsSnmOEoF,3,1.125,0.000,1.50,0.75,0.00,0.00,3,3,0,0,3,0,0,0,0,0,0,0,0,0,0,0,0,0,0,0,0,0
11/8/18 5:48,R_2flAV6JL1rSYuEi,3,5.875,4.250,5.75,6.00,4.25,4.25,6,5,5,7,6,6,6,6,4,4,4,5,4,5,4,4,0,0,0,0,0,0
11/8/18 12:55,R_86z9IzIj3aYTv7H,3,6.625,6.000,6.75,6.50,6.00,6.00,7,7,6,7,7,6,7,6,,6,,,6,6,,,0,2.5,0,0,3,2
11/8/18 6:54,R_24wK6ApO1xSdSXX,3,6.625,6.500,6.25,7.00,6.50,,7,6,6,6,7,7,7,,6,7,6,7,,,,,0.5,2,0,1,0,4
11/8/18 10:31,R_2foGpmNS40Ep7NK,3,6.333,7.000,6.67,6.00,7.00,7.00,6,7,,7,6,6,6,,,,,7,7,,,,1,3,1,1,3,3
11/7/18 17:47,R_2saQTkQFpPGfmx2,3,1.500,0.000,1.25,1.75,0.00,0.00,1,2,1,1,3,2,1,1,0,0,0,0,0,0,0,0,0,0,0,0,0,0
11/8/18 10:22,R_2BzB4XW2FZYbPRS,3,6.000,,6.00,6.00,,,6,6,6,6,6,6,6,6,,,,,,,,,0,4,0,0,4,4
11/8/18 9:09,R_1f8vNNdKfppTGMV,3,2.375,0.125,2.25,2.50,0.00,0.25,3,2,1,3,3,3,3,1,0,0,0,0,0,1,0,0,0,0,0,0,0,0
11/8/18 7:30,R_10VNCLB9mR6gW6H,3,5.250,4.875,5.75,4.75,4.50,5.25,6,7,6,4,5,4,6,4,4,4,4,6,7,5,4,5,0,0,0,0,0,0
11/8/18 6:37,R_PUGGQgneK3Iz7Lr,3,5.875,5.000,5.75,6.00,4.50,5.50,6,6,7,4,6,7,7,4,6,4,4,4,7,7,4,4,0,0,0,0,0,0
11/7/18 20:38,R_a3PsIbEO4OQ3uNz,3,6.625,5.375,6.25,7.00,4.00,6.75,7,7,7,4,7,7,7,7,4,4,4,4,7,7,7,6,0,0,0,0,0,0
11/7/18 18:52,R_2qaWH3ZwZ311pPp,3,7.000,6.625,7.00,7.00,6.25,7.00,7,7,7,7,7,7,7,7,7,7,4,7,7,7,7,7,0,0,0,0,0,0
11/8/18 6:39,R_3st8BBZGh2RP02M,3,6.000,,6.00,6.00,,,6,6,,6,6,6,,,,,,,,,,,1.5,4,1,2,4,4
11/7/18 19:42,R_3Rr0juPCx2bjDaz,3,6.375,5.625,6.50,6.25,5.25,6.00,6,7,6,7,6,6,6,7,4,5,5,7,6,6,6,6,0,0,0,0,0,0
11/7/18 20:17,R_1NbkvdhMybBNqIX,3,6.875,5.625,6.75,7.00,5.00,6.25,7,6,7,7,7,7,7,7,4,6,5,5,5,6,7,7,0,0,0,0,0,0
11/8/18 3:51,R_3s68QQ5pvV6crzc,3,6.708,,6.75,6.67,,,6,7,7,7,6,,7,7,,,,,,,,,0.5,4,0,1,4,4
11/7/18 20:22,R_3M0t7cYDHKKKQaf,3,5.125,4.750,5.25,5.00,4.50,5.00,5,6,5,5,5,5,5,5,4,4,5,5,7,4,5,4,0,0,0,0,0,0
11/7/18 18:18,R_3CWAymUy0bNif48,3,2.875,3.125,3.00,2.75,2.75,3.50,3,3,2,4,2,3,3,3,2,3,2,4,3,2,4,5,0,0,0,0,0,0
11/8/18 1:36,R_3PsCV57c6EOtdwb,3,6.250,4.750,5.75,6.75,4.75,4.75,7,6,5,5,7,7,6,7,4,5,5,5,5,5,5,4,0,0,0,0,0,0
11/8/18 5:58,R_1LuMpVkygh6kuaP,3,5.500,4.500,5.50,5.50,4.50,4.50,6,5,6,5,4,6,6,6,5,4,5,4,3,5,5,5,0,0,0,0,0,0
11/7/18 17:46,R_24zPzTlH9p0j9T7,3,6.500,,6.25,6.75,,,6,6,6,7,6,7,7,7,,,,,,,,,0,4,0,0,4,4
11/8/18 7:14,R_1OrC7Oz5vA7p921,3,6.833,,6.67,7.00,,,7,6,,7,7,,7,,,,,,,,,,1.5,4,1,2,4,4
11/8/18 5:35,R_1SlnDeeFcspk9Cp,3,6.875,7.000,6.75,7.00,7.00,7.00,7,7,6,7,7,7,7,7,,,,7,7,,,,0,3,0,0,3,3
11/7/18 17:48,R_XjqABTAa0hbI3tv,3,6.000,,6.00,6.00,,,6,6,,6,6,6,6,,,,,,,,,,1,4,1,1,4,4
11/8/18 9:02,R_6XR24LTeRvKbcu5,3,6.500,,6.50,,,,,7,,6,,,,,,,,,,,,,3,4,2,4,4,4
11/7/18 20:31,R_2DLUDub7O6cTJZC,3,6.000,6.167,6.00,6.00,6.00,6.33,6,,6,,6,6,6,6,6,6,6,6,,7,6,6,1,0.5,2,0,0,1
11/8/18 11:43,R_2wucR0FiZmtBrnd,3,7.000,4.000,7.00,7.00,4.00,4.00,7,7,7,7,7,7,7,7,4,4,4,4,4,4,4,4,0,0,0,0,0,0
11/8/18 5:33,R_1pzNivRyr15jYqH,3,6.250,,6.00,6.50,,,6,6,6,6,7,7,6,6,,,,,,,,,0,4,0,0,4,4
11/8/18 6:38,R_2fANzDz6uhqVEH1,3,6.875,,6.75,7.00,,,7,7,7,6,7,7,7,7,,,,,,,,,0,4,0,0,4,4
11/7/18 17:56,R_2CdZqdipy4EimLW,3,6.833,,7.00,6.67,,,7,7,,7,7,7,6,,,,,,,,,,1,4,1,1,4,4
11/8/18 14:43,R_x8U4fsi0OIqPpAZ,3,6.750,6.000,6.75,6.75,6.00,,7,7,7,6,7,6,7,7,,,,6,,,,,0,3.5,0,0,3,4
11/7/18 18:02,R_ZsCryauJRiQj0hr,3,1.625,0.000,1.00,2.25,0.00,0.00,3,0,0,1,3,3,3,0,0,0,0,0,0,0,0,0,0,0,0,0,0,0
11/7/18 18:33,R_3iL3GEzDpzUaI57,3,6.875,7.000,6.75,7.00,7.00,,7,6,7,7,7,7,7,7,,,,7,,,,,0,3.5,0,0,3,4
11/8/18 5:11,R_RP8nrbGbt8dGSSR,3,5.125,4.250,5.00,5.25,4.00,4.50,5,5,4,6,4,7,6,4,4,4,4,4,5,5,4,4,0,0,0,0,0,0
11/7/18 17:45,R_1gObzzHyzcIDDpj,3,6.333,,6.67,6.00,,,6,7,,7,6,,,,,,,,,,,,2,4,1,3,4,4
11/7/18 18:27,R_DOe5H2l5X8nlYCR,3,6.750,6.500,7.00,6.50,6.75,6.25,7,7,7,7,5,7,7,7,6,7,7,7,4,7,7,7,0,0,0,0,0,0
11/8/18 5:15,R_2S2d1hCmiU6IgJW,3,6.000,6.000,6.00,6.00,,6.00,6,6,6,6,6,6,6,6,,,,,,6,,,0,3.5,0,0,4,3
11/8/18 4:41,R_Qh8T2cbnRHZ2gBb,3,4.625,4.375,4.75,4.50,4.75,4.00,5,6,4,4,4,5,4,5,5,4,5,5,3,3,5,5,0,0,0,0,0,0
11/8/18 8:26,R_22DCuuSsuulR67W,3,7.000,6.125,7.00,7.00,6.00,6.25,7,7,7,7,7,7,7,7,,6,,6,6,7,6,6,0,1,0,0,2,0
11/8/18 6:43,R_1eXJkjSLooOXc7d,3,4.625,4.875,4.50,4.75,5.25,4.50,4,5,4,5,5,4,4,6,5,5,5,6,5,3,4,6,0,0,0,0,0,0
11/7/18 18:11,R_2t8OFuBrxetXXzD,3,5.250,3.875,5.25,5.25,3.50,4.25,5,6,4,6,5,5,5,6,4,4,3,3,4,5,4,4,0,0,0,0,0,0
11/8/18 6:38,R_3lKCPSgv4U7hnNc,4,3.250,4.875,3.00,3.50,4.75,5.00,2,2,3,5,4,2,4,4,5,4,4,6,3,6,5,6,0,0,0,0,0,0
11/7/18 21:17,R_2V8YH6D9excUZu2,4,2.500,3.000,3.00,2.00,1.75,4.25,3,3,3,3,4,2,1,1,2,1,3,1,5,3,5,4,0,0,0,0,0,0
11/7/18 20:29,R_3CZpUQ5KTpQdpkZ,4,6.875,5.375,7.00,6.75,4.75,6.00,7,7,7,7,7,6,7,7,3,4,5,7,7,7,4,6,0,0,0,0,0,0
11/7/18 20:26,R_cD54tPOJxsbNbAl,4,2.250,0.750,2.50,2.00,0.00,1.50,4,0,2,4,4,4,0,0,0,0,0,0,2,4,0,0,0,0,0,0,0,0
11/7/18 18:11,R_28TnR60Q0h9TpGZ,4,2.875,0.500,3.50,2.25,0.00,1.00,4,4,2,4,3,2,2,2,0,0,0,0,2,2,0,0,0,0,0,0,0,0
11/7/18 18:49,R_2Qs7Ol6FzQhyq4Q,4,5.875,,6.00,5.75,,,6,6,6,6,6,5,6,6,,,,,,,,,0,4,0,0,4,4
11/7/18 18:15,R_yK36WNro8F0NgZ3,4,2.625,1.500,3.00,2.25,1.75,1.25,4,4,1,3,2,4,1,2,2,2,2,1,0,2,3,0,0,0,0,0,0,0
11/8/18 6:51,R_w5krkvW3XSPbcfT,4,5.667,5.000,6.00,5.33,5.00,,5,7,,6,6,5,,5,,5,,5,,,,,1,3,1,1,2,4
11/8/18 5:57,R_BRrmZDbaaFHpjs5,4,4.875,5.000,5.00,4.75,4.75,5.25,6,4,5,5,5,6,6,2,5,5,4,5,5,5,6,5,0,0,0,0,0,0
11/7/18 17:46,R_7TCewzhpMlwVlgl,4,6.375,4.000,6.50,6.25,4.50,3.50,6,6,7,7,6,6,6,7,4,4,7,3,4,4,3,3,0,0,0,0,0,0
11/7/18 17:52,R_1C44Ie3ulE01kaS,4,6.750,6.667,6.75,6.75,7.00,6.33,7,6,7,7,7,6,7,7,,,7,,7,5,7,,0,2,0,0,3,1
11/7/18 19:32,R_2DTfMdEBEJvJiry,4,2.000,0.000,3.00,1.00,0.00,0.00,4,4,0,4,4,0,0,0,0,0,0,0,0,0,0,0,0,0,0,0,0,0
11/8/18 13:48,R_1ziFKtBp5sEsJ3j,4,6.250,,6.00,6.50,,,5,7,6,6,6,7,7,6,,,,,,,,,0,4,0,0,4,4
11/7/18 19:42,R_3ncqCCuH5NlDt5z,4,7.000,6.000,7.00,7.00,6.00,6.00,7,7,7,7,7,7,7,7,7,7,7,3,7,7,7,3,0,0,0,0,0,0
11/8/18 5:54,R_zU8yqA7kyUZAVCp,4,6.500,7.000,6.00,7.00,7.00,7.00,5,7,5,7,7,7,7,,7,,,,,,7,,0.5,3,0,1,3,3
11/8/18 6:42,R_1JJxPiBBmtaCxSB,4,6.125,4.500,6.50,5.75,4.25,4.75,7,7,6,6,7,7,4,5,3,5,4,5,4,3,5,7,0,0,0,0,0,0
11/8/18 15:31,R_302JkcrUIIZzRtx,4,4.750,3.500,4.00,5.50,3.50,3.50,4,4,4,4,6,5,6,5,2,4,4,4,4,4,3,3,0,0,0,0,0,0
11/8/18 6:50,R_VLwycChmRn3LVGV,4,6.375,7.000,6.25,6.50,7.00,,6,7,5,7,7,6,,,,,,7,,,,,1,3.5,0,2,3,4
11/8/18 7:14,R_2OPUczl4pvKt2XS,4,3.375,3.250,3.00,3.75,2.75,3.75,2,4,2,4,3,4,4,4,2,4,1,4,4,5,2,4,0,0,0,0,0,0
11/7/18 19:30,R_1KrjWqZO59v8p0f,4,4.250,3.000,4.25,4.25,3.00,3.00,4,5,4,4,4,5,4,4,4,4,3,1,4,4,2,2,0,0,0,0,0,0
11/8/18 15:40,R_XtaFrByuBjkaa5P,4,5.250,7.000,5.50,5.00,,7.00,5,7,5,5,5,5,5,5,,,,,,,7,,0,3.5,0,0,4,3
11/8/18 10:03,R_3eekCwrlfYZ9OEV,4,2.625,2.875,2.25,3.00,2.75,3.00,3,1,3,2,4,3,3,2,5,1,4,1,5,2,4,1,0,0,0,0,0,0
11/8/18 6:14,R_2CHfh2jub6T94xC,4,4.875,5.125,4.75,5.00,5.50,4.75,6,3,3,7,5,5,3,7,5,6,5,6,3,7,3,6,0,0,0,0,0,0
11/7/18 18:19,R_1d3Kz9yekezSYhH,4,5.542,,5.33,5.75,,,5,5,,6,5,7,5,6,,,,,,,,,0.5,4,1,0,4,4
11/8/18 4:50,R_Z2BOCbOXKOClqLv,4,1.000,3.250,1.25,0.75,3.50,3.00,0,4,0,1,1,1,0,1,2,4,4,4,0,4,4,4,0,0,0,0,0,0
11/8/18 15:10,R_2CjHUb1UFUT7HwS,4,5.583,6.500,5.67,5.50,6.00,7.00,5,7,,5,5,7,5,5,,6,6,6,,7,,,0.5,2,1,0,1,3
11/8/18 15:57,R_1pLti8lNTi2kWnw,4,5.875,5.000,6.00,5.75,,5.00,6,6,6,6,6,6,5,6,,,,,,,5,,0,3.5,0,0,4,3
11/7/18 22:01,R_32KNtMMx2lu3aP4,4,6.875,5.750,6.75,7.00,6.50,5.00,7,6,7,7,7,7,7,7,6,7,,,5,,,,0,2.5,0,0,2,3
11/8/18 5:35,R_w5XFvuBU8KnOSyJ,4,6.000,4.250,6.25,5.75,4.75,3.75,7,7,4,7,5,7,7,4,4,4,4,7,4,3,4,4,0,0,0,0,0,0
11/7/18 17:53,R_3HRzXWa1i4DYlhA,4,6.625,,7.00,6.25,,,7,7,,7,5,6,7,7,,,,,,,,,0.5,4,1,0,4,4
11/7/18 19:51,R_3HjqkyEnH7mgzvL,4,5.833,,6.00,5.67,,,6,6,,,6,,6,5,,,,,,,,,1.5,4,2,1,4,4
11/7/18 20:32,R_1IZ42olhmK4ZDZM,4,6.167,,6.00,6.33,,,,5,,7,5,7,7,,,,,,,,,,1.5,4,2,1,4,4
11/8/18 6:34,R_3Jt5P9enuvtz5Vm,4,6.250,,6.00,6.50,,,6,7,5,6,6,7,6,7,,,,,,,,,0,4,0,0,4,4
11/8/18 14:34,R_3rGvnVaBbjzTu7k,4,5.750,3.750,5.50,6.00,4.00,3.50,6,5,5,6,6,7,5,6,4,4,5,3,3,4,3,4,0,0,0,0,0,0
11/7/18 21:42,R_80LMU1gJQ4EDHqx,4,4.500,4.125,4.25,4.75,4.00,4.25,4,3,5,5,5,5,3,6,3,4,5,4,4,6,2,5,0,0,0,0,0,0
11/8/18 6:59,R_2aRl0dAO1XRKZc2,4,6.375,5.250,5.75,7.00,4.50,6.00,6,5,6,6,7,7,7,7,4,6,3,5,6,7,5,6,0,0,0,0,0,0
11/7/18 19:38,R_1hyGPqS5g93U1GG,4,5.875,5.333,6.00,5.75,,5.33,6,,6,6,6,6,6,5,,,,,6,5,5,,0.5,2.5,1,0,4,1
11/7/18 21:21,R_3D6FKNHEmmjSJzn,4,4.750,4.875,4.00,5.50,5.00,4.75,3,5,4,4,4,6,5,7,5,7,4,4,4,5,4,6,0,0,0,0,0,0
11/7/18 21:47,R_1fZQaEHcCdB3zrK,4,2.875,0.000,3.00,2.75,0.00,0.00,3,3,3,3,3,4,2,2,0,0,0,0,0,0,0,0,0,0,0,0,0,0
11/7/18 19:51,R_3qWFi4o7Nxjim3q,4,3.500,4.000,3.75,3.25,4.00,4.00,2,6,2,5,3,3,3,4,4,4,3,5,5,2,5,4,0,0,0,0,0,0
11/7/18 20:48,R_1E9WaViipAdbEAD,4,5.000,,5.00,5.00,,,5,5,5,5,5,5,5,5,,,,,,,,,0,4,0,0,4,4
11/7/18 18:19,R_28P0UGXz00PABZv,4,2.500,1.750,2.50,2.50,1.25,2.25,2,1,2,5,3,3,3,1,2,1,1,1,3,3,1,2,0,0,0,0,0,0
11/7/18 23:00,R_10BsnSziz0CQirH,4,5.875,5.000,5.75,6.00,5.50,4.50,5,7,4,7,6,6,5,7,5,6,5,6,4,5,3,6,0,0,0,0,0,0
11/8/18 15:29,R_eFNMfiC2S2PAprz,4,5.333,,5.67,5.00,,,5,7,,5,5,5,5,5,,,,,,,,,0.5,4,1,0,4,4
11/8/18 0:15,R_1JWxgocT677NLJd,4,6.625,7.000,6.25,7.00,,7.00,7,5,7,6,7,7,7,7,,,,,,7,,,0,3.5,0,0,4,3
11/8/18 15:20,R_1QhnE8CMFuuKrYd,4,6.417,5.000,6.33,6.50,,5.00,5,7,,7,6,,7,,,,,,5,,,,1.5,3.5,1,2,4,3
11/8/18 7:09,R_1dgCOgXeo8UELM2,4,3.625,3.375,3.50,3.75,3.00,3.75,5,1,5,3,3,3,4,5,3,2,5,2,2,4,4,5,0,0,0,0,0,0
11/8/18 15:52,R_2fjudgdB2XERR08,4,6.000,5.750,6.00,6.00,6.00,5.50,6,7,5,6,6,6,6,6,,,6,6,5,,6,,0,2,0,0,2,2
11/7/18 22:59,R_2RWE36QFAZHH2rL,4,5.250,,5.00,5.50,,,5,5,,5,6,,5,,,,,,,,,,1.5,4,1,2,4,4
11/7/18 18:59,R_3ES8vcJ0sQy3jxm,4,6.167,6.000,6.33,6.00,,6.00,6,7,,6,6,7,5,,,,,,6,,,,1,3.5,1,1,4,3
11/8/18 5:30,R_3Ja9ZZwaosKWAju,4,5.500,7.000,6.00,5.00,7.00,7.00,5,6,6,7,5,,5,,,,7,,,,7,,1,3,0,2,3,3
11/8/18 13:42,R_24C7xnyiYEq0s2a,4,6.250,7.000,6.00,6.50,7.00,,5,6,6,7,6,7,6,7,,,7,,,,,,0,3.5,0,0,3,4
11/8/18 15:53,R_1IZD3WCMpFU0dZ4,4,6.000,,5.75,6.25,,,7,6,5,5,7,6,6,6,,,,,,,,,0,4,0,0,4,4
11/7/18 17:52,R_3nvzULT6p3MdNKt,4,3.000,3.375,3.25,2.75,4.00,2.75,4,3,5,1,4,3,3,1,5,3,3,5,3,3,2,3,0,0,0,0,0,0
11/8/18 6:57,R_22RYfN5EP4uRi9A,4,6.250,5.500,6.00,6.50,6.00,5.00,5,7,5,7,5,7,7,7,5,7,5,7,5,5,3,7,0,0,0,0,0,0
11/7/18 18:38,R_3mmG0uRSmYT52U8,4,6.000,4.750,6.00,6.00,4.00,5.50,6,6,6,6,6,6,6,6,2,6,2,6,6,6,6,4,0,0,0,0,0,0
11/8/18 7:43,R_Za9NZKUl972V6xj,4,5.125,5.000,5.00,5.25,5.00,,5,5,,5,5,5,5,6,,,,5,,,,,0.5,3.5,1,0,3,4
11/8/18 14:00,R_2YEUvTmRC2YxuIL,4,6.000,,5.75,6.25,,,6,6,5,6,6,7,6,6,,,,,,,,,0,4,0,0,4,4
11/7/18 18:40,R_tFCEOYh4FADNxpD,4,4.125,2.625,4.25,4.00,2.00,3.25,5,4,3,5,5,4,3,4,2,2,1,3,5,3,3,2,0,0,0,0,0,0
11/7/18 19:47,R_1DNlLZ2IK3ETnni,4,5.000,,5.00,5.00,,,5,5,5,5,5,5,5,5,,,,,,,,,0,4,0,0,4,4
11/8/18 4:17,R_AujIxHDZnBkR9kJ,4,3.000,0.500,2.00,4.00,1.00,0.00,4,0,0,4,4,4,4,4,0,4,0,0,0,0,0,0,0,0,0,0,0,0
11/7/18 18:25,R_24NJsCb9wutttSA,4,6.625,7.000,6.50,6.75,7.00,,5,7,7,7,6,7,7,7,,,,7,,,,,0,3.5,0,0,3,4
11/8/18 7:56,R_22Wc4AXBIbRIZVT,4,5.500,3.750,5.50,5.50,4.25,3.25,5,6,5,6,5,5,6,6,4,5,3,5,4,5,2,2,0,0,0,0,0,0
11/7/18 17:48,R_1lc6cqeQb8hAIks,4,6.375,5.000,6.25,6.50,,5.00,7,7,5,6,7,6,6,7,,,,,5,5,,,0,3,0,0,4,2
11/8/18 5:18,R_1E0YxpOplkHBVcP,4,6.500,6.167,6.67,6.33,6.00,6.33,7,,7,6,6,7,6,,5,7,,6,7,,5,7,1,1,1,1,1,1
11/8/18 5:20,R_1C7qV48IUyYxMQx,4,2.625,0.000,2.00,3.25,0.00,0.00,2,3,0,3,3,4,4,2,0,0,0,0,0,0,0,0,0,0,0,0,0,0
11/7/18 18:21,R_1pzdUz7xvVbCM0S,4,6.000,,6.00,6.00,,,5,6,6,7,5,6,6,7,,,,,,,,,0,4,0,0,4,4
11/7/18 19:05,R_ZKJdamjgJMiTKJr,4,6.000,6.500,6.00,6.00,6.00,7.00,5,6,7,6,7,5,5,7,,,,6,7,,,,0,3,0,0,3,3
11/7/18 21:11,R_2uKXSBqNePCbsZQ,4,6.250,,6.00,6.50,,,7,5,,6,7,7,7,5,,,,,,,,,0.5,4,1,0,4,4
11/8/18 5:25,R_2Qyoz6Mxm8MyLlL,4,6.375,7.000,6.00,6.75,,7.00,5,7,,6,6,7,7,7,,,,,,,7,,0.5,3.5,1,0,4,3
11/7/18 17:53,R_3M51eLBFk95rUeU,4,6.375,,7.00,5.75,,,7,7,7,7,6,5,7,5,,,,,,,,,0,4,0,0,4,4
11/7/18 18:23,R_1kZ8UgrbAy3rHNp,4,6.500,,7.00,6.00,,,7,7,7,7,6,6,7,5,,,,,,,,,0,4,0,0,4,4
11/8/18 4:21,R_29nNfo6I3RV5l7o,4,6.000,5.667,6.00,6.00,5.67,,6,6,,6,6,6,6,6,,5,7,5,,,,,0.5,2.5,1,0,1,4
11/8/18 13:59,R_2CZJbcoMG6Jgr1d,4,6.125,,6.25,6.00,,,6,7,5,7,6,6,6,6,,,,,,,,,0,4,0,0,4,4
11/7/18 22:02,R_2rPoeBoStWmYICp,4,0.500,0.000,1.00,0.00,0.00,0.00,0,4,0,0,0,0,0,0,0,0,0,0,0,0,0,0,0,0,0,0,0,0
11/8/18 5:25,R_OEkJvAynY3tVmN3,4,3.000,3.625,2.50,3.50,3.75,3.50,2,2,2,4,3,2,3,6,3,2,5,5,2,2,4,6,0,0,0,0,0,0
11/7/18 17:48,R_1duwNp2ZqOepwSx,4,4.500,5.000,4.25,4.75,5.25,4.75,5,3,4,5,5,4,5,5,7,5,4,5,4,6,5,4,0,0,0,0,0,0
11/8/18 12:21,R_2usNBhUYpHmXgqC,4,5.833,,6.67,5.00,,,6,7,,7,5,5,5,5,,,,,,,,,0.5,4,1,0,4,4
11/7/18 18:15,R_3Mgs8ALYbZ6nzMl,4,5.875,6.000,5.75,6.00,6.00,6.00,5,6,6,6,6,6,6,6,,,6,6,6,6,6,,0,1.5,0,0,2,1
11/7/18 21:22,R_1FnpKd3hWge07jx,4,1.750,0.250,1.25,2.25,0.00,0.50,4,0,0,1,3,2,2,2,0,0,0,0,2,0,0,0,0,0,0,0,0,0
11/8/18 7:32,R_3GrHmnT6GplupVM,4,6.250,4.875,6.25,6.25,4.75,5.00,7,6,6,6,6,6,6,7,5,5,4,5,4,3,7,6,0,0,0,0,0,0
11/8/18 6:51,R_1LXS9wMJlYYKRu6,4,6.208,,6.75,5.67,,,7,7,6,7,7,,5,5,,,,,,,,,0.5,4,0,1,4,4
11/8/18 10:13,R_2qfpJJ18WKu5Ivl,4,5.875,,6.00,5.75,,,6,6,,6,6,6,5,6,,,,,,,,,0.5,4,1,0,4,4
11/7/18 18:47,R_1ihy0HWR15eSX9z,4,2.500,0.875,1.75,3.25,0.75,1.00,3,1,2,1,4,4,4,1,1,1,0,1,1,1,1,1,0,0,0,0,0,0
11/8/18 7:16,R_1DMaIjUrauPceTc,4,1.750,1.000,1.75,1.75,0.00,2.00,3,2,0,2,3,0,2,2,0,0,0,0,4,0,0,4,0,0,0,0,0,0
11/7/18 17:52,R_12l1Jekar8d5R7Y,4,6.625,5.000,6.75,6.50,,5.00,7,7,6,7,6,7,7,6,,,,,,5,,,0,3.5,0,0,4,3
11/8/18 4:24,R_28NhMqZ7A7unMlF,4,5.125,5.000,5.25,5.00,5.00,,5,6,5,5,5,5,5,5,,5,,,,,,,0,3.5,0,0,3,4
11/7/18 20:01,R_3lXG0z35myVeigH,4,5.000,6.500,5.00,5.00,7.00,6.00,5,5,5,5,5,5,5,,7,,,7,,6,,,0.5,2.5,0,1,2,3
11/8/18 11:33,R_RJHkYt7U9TFbiiB,4,2.000,3.500,2.25,1.75,4.00,3.00,2,3,2,2,1,2,2,2,4,4,4,4,4,4,4,0,0,0,0,0,0,0
11/7/18 18:01,R_3jdl9hx3BqcPh1G,4,5.500,5.500,5.50,5.50,5.00,6.00,5,6,5,6,5,5,5,7,,5,,5,6,,,,0,2.5,0,0,2,3
11/8/18 5:23,R_2CgeWB5XjnHgWIQ,4,6.625,5.833,6.75,6.50,5.67,6.00,6,7,7,7,6,6,7,7,,5,6,6,6,,6,,0,1.5,0,0,1,2
11/8/18 6:14,R_BDEjyPXpznxtGlr,4,6.500,6.750,6.00,7.00,6.50,7.00,6,5,6,7,7,7,7,7,,6,,7,7,,,7,0,2,0,0,2,2
11/7/18 22:00,R_3R89nRF24fh1TMI,4,5.500,,6.00,5.00,,,5,6,,7,5,,5,,,,,,,,,,1.5,4,1,2,4,4
11/8/18 6:06,R_1gCQxj6hy9l9LlK,4,5.500,4.875,5.75,5.25,4.50,5.25,6,6,5,6,6,5,6,4,6,6,2,4,6,5,6,4,0,0,0,0,0,0
11/7/18 18:29,R_3HFI3UxFDWnubAh,4,3.750,3.875,4.25,3.25,4.25,3.50,3,6,2,6,3,3,3,4,4,4,4,5,4,3,3,4,0,0,0,0,0,0
11/7/18 21:45,R_3HFAX08BYUpERSV,4,6.750,5.375,6.50,7.00,5.50,5.25,6,6,7,7,7,7,7,7,6,6,4,6,3,7,7,4,0,0,0,0,0,0
11/8/18 7:50,R_33dlgxRjmStzOzG,4,6.750,7.000,6.50,7.00,,7.00,7,7,5,7,7,,7,,,,,,,7,,,1,3.5,0,2,4,3
11/8/18 9:18,R_3oLqOmUneCvzmWG,4,5.750,6.000,6.25,5.25,6.00,6.00,6,6,7,6,6,6,6,3,6,6,6,6,6,6,6,6,0,0,0,0,0,0
11/7/18 20:05,R_1DGbT2nZru8Xpdl,4,6.375,,6.00,6.75,,,7,5,,6,7,7,7,6,,,,,,,,,0.5,4,1,0,4,4
11/7/18 22:10,R_1mJFN7M9yjoNeu6,4,5.875,6.500,6.00,5.75,6.50,,6,6,,6,6,5,6,6,,6,,7,,,,,0.5,3,1,0,2,4
11/8/18 6:59,R_1DTrkUy4G3cAKYP,4,1.750,0.500,2.25,1.25,0.25,0.75,1,4,0,4,1,1,1,2,0,0,0,1,3,0,0,0,0,0,0,0,0,0
11/7/18 18:37,R_22qQiIQnfdtYfaj,4,3.500,1.000,4.00,3.00,2.00,0.00,4,4,4,4,4,4,4,0,0,0,4,4,0,0,0,0,0,0,0,0,0,0
11/8/18 15:02,R_3j1DtlvjL1vS6HD,4,5.000,6.000,5.00,5.00,6.00,6.00,5,5,5,5,5,5,5,5,6,,,6,6,,,,0,2.5,0,0,2,3
11/7/18 19:39,R_3qJRRY92DbcXu2V,4,5.333,,5.67,5.00,,,5,5,,7,5,5,5,5,,,,,,,,,0.5,4,1,0,4,4
11/8/18 17:22,R_1HcPx9iNtXRmgRc,4,1.625,2.500,1.75,1.50,2.75,2.25,3,1,1,2,1,1,2,2,2,2,2,5,2,2,3,2,0,0,0,0,0,0
11/8/18 6:36,R_3kpm56N1QbRgelK,4,5.875,5.500,5.50,6.25,5.50,5.50,5,5,5,7,6,5,7,7,5,,,6,6,5,,,0,2,0,0,2,2
11/7/18 18:42,R_PUkHrQ26JqpZGp3,4,6.167,,6.33,6.00,,,5,7,,7,6,6,6,,,,,,,,,,1,4,1,1,4,4
11/8/18 13:28,R_2uX7ENcF5oljNVF,4,4.250,1.000,4.75,3.75,1.00,1.00,5,5,4,5,5,4,5,1,1,1,1,1,1,1,1,1,0,0,0,0,0,0
11/8/18 6:42,R_2zSasZb73ZoDssj,4,5.375,3.875,6.25,4.50,3.25,4.50,6,6,7,6,4,5,6,3,3,4,3,3,6,4,4,4,0,0,0,0,0,0
11/7/18 18:19,R_UbaHTvyk0UhsK1X,4,4.250,3.750,4.25,4.25,4.50,3.00,4,5,4,4,5,4,4,4,4,4,5,5,4,4,3,1,0,0,0,0,0,0
11/8/18 7:17,R_3h3kWQPjzdUVklP,4,2.875,2.125,3.25,2.50,2.25,2.00,4,4,2,3,4,3,3,0,1,3,4,1,3,3,1,1,0,0,0,0,0,0
11/7/18 18:33,R_11d5ntIPsU7JoCv,4,1.875,1.375,1.50,2.25,1.75,1.00,4,0,1,1,4,1,2,2,2,2,2,1,1,1,1,1,0,0,0,0,0,0
11/8/18 9:12,R_afv6QLZCAfPb3Xj,5,5.875,5.000,6.25,5.50,,5.00,6,7,5,7,7,4,6,5,,,,,,5,,,0,3.5,0,0,4,3
11/8/18 9:49,R_3k0NxKVAbpc8y5j,5,6.250,6.125,5.50,7.00,6.75,5.50,7,4,4,7,7,7,7,7,7,7,6,7,7,4,,,0,1,0,0,0,2
11/7/18 20:37,R_1i9iOQWNIAwK942,5,3.625,3.375,3.25,4.00,2.75,4.00,2,2,4,5,4,5,4,3,2,5,1,3,2,6,4,4,0,0,0,0,0,0
11/7/18 18:39,R_1NFDyORi95q3RAb,5,5.000,0.000,5.00,5.00,0.00,0.00,5,5,5,5,5,5,5,5,0,0,0,0,0,0,0,0,0,0,0,0,0,0
11/8/18 17:45,R_3PYTDPxk1ojMhEd,5,5.875,6.500,5.00,6.75,7.00,6.00,7,5,4,4,7,7,7,6,,7,,7,,,6,,0,2.5,0,0,2,3
11/8/18 11:17,R_3J42INbGDz5fZsd,5,4.000,,4.00,4.00,,,4,,,4,4,4,,4,,,,,,,,,1.5,4,2,1,4,4
11/7/18 18:16,R_1OwarfYUgC6av7f,5,4.500,2.000,4.25,4.75,0.75,3.25,5,4,4,4,5,5,5,4,0,0,3,0,3,5,5,0,0,0,0,0,0,0
11/8/18 7:35,R_3E9F6DVBtBpvr4n,5,4.875,4.000,5.00,4.75,4.00,4.00,5,5,5,5,5,5,5,4,,4,,,4,,,,0,3,0,0,3,3
11/7/18 18:23,R_3R3gc2iCgF8ERxM,5,4.000,4.000,4.00,,4.00,4.00,,,4,,,,,,4,4,4,4,,4,4,4,3.5,0.5,3,4,0,1
11/7/18 19:07,R_21vyfMjCK4EmQIA,5,1.875,0.625,2.25,1.50,1.25,0.00,2,5,0,2,1,4,0,1,0,0,0,5,0,0,0,0,0,0,0,0,0,0
11/8/18 7:29,R_1pSQy07vsL0Mmhg,5,6.292,7.000,6.25,6.33,7.00,7.00,4,7,7,7,7,5,,7,,,7,7,,7,,,0.5,2.5,0,1,2,3
11/8/18 6:54,R_31a71UvcufPJICV,5,3.250,3.500,3.50,3.00,4.00,3.00,2,5,2,5,3,4,3,2,4,4,4,4,4,4,4,0,0,0,0,0,0,0
11/8/18 2:47,R_1DGwPIZRjiZfD6l,5,4.000,,,4.00,,,,,,,,4,,,,,,,,,,,3.5,4,4,3,4,4
11/8/18 4:47,R_30oxP5cSlkg9rKy,5,5.875,6.250,6.00,5.75,6.00,6.50,6,7,,5,6,7,6,4,,,,6,7,,6,,0.5,2.5,1,0,3,2
11/7/18 18:48,R_1GOF435DINCq3CY,5,4.500,,5.00,4.00,,,4,,,6,4,4,4,,,,,,,,,,1.5,4,2,1,4,4
11/7/18 17:50,R_3dQ7IY7IScxnnqP,5,6.708,4.750,6.75,6.67,5.25,4.25,6,7,7,7,6,7,,7,5,4,6,6,4,5,4,4,0.5,0,0,1,0,0
11/7/18 19:08,R_3Kp7H1NCrGjtkBZ,5,3.250,1.250,3.00,3.50,1.00,1.50,5,3,1,3,0,5,4,5,1,0,0,3,0,1,3,2,0,0,0,0,0,0
11/7/18 19:34,R_0TX2qFRz1GymEV3,5,5.625,6.000,5.25,6.00,6.00,,4,5,6,6,6,6,6,6,,,,6,,,,,0,3.5,0,0,3,4
11/8/18 5:35,R_1NwWX2rtljuqOLB,5,5.250,4.250,5.00,5.50,4.50,4.00,5,4,5,6,5,5,6,6,,,5,4,,4,,,0,2.5,0,0,2,3
11/8/18 7:46,R_2hkwKdyaDPgpw1b,5,3.625,2.000,4.25,3.00,2.00,2.00,4,5,4,4,4,4,4,0,0,4,0,4,4,4,0,0,0,0,0,0,0,0
11/8/18 6:35,R_2QYyRkGOjCR0nVs,5,4.250,0.000,4.75,3.75,0.00,0.00,5,5,4,5,5,5,5,0,0,0,0,0,0,0,0,0,0,0,0,0,0,0
11/7/18 20:56,R_3GoI5DSghTr0S00,5,5.167,4.500,5.33,5.00,4.00,5.00,4,6,,6,5,4,5,6,,,4,,5,,,,0.5,3,1,0,3,3
11/7/18 18:02,R_3R8hCq7Q9EfYoxW,5,6.500,4.375,6.50,6.50,3.75,5.00,7,7,6,6,6,7,7,6,5,3,2,5,5,6,6,3,0,0,0,0,0,0
11/7/18 18:41,R_1mfkVzQMrhQu5jO,5,5.750,4.000,6.00,5.50,4.25,3.75,5,7,6,6,5,5,7,5,2,4,5,6,4,3,6,2,0,0,0,0,0,0
11/8/18 5:06,R_vIwEcSj4A1d9bMJ,5,1.875,0.000,2.50,1.25,0.00,0.00,5,5,0,0,5,0,0,0,0,0,0,0,0,0,0,0,0,0,0,0,0,0
11/8/18 5:21,R_1UeNvSfgZ8hqyhX,5,1.250,0.000,2.50,0.00,0.00,0.00,0,5,0,5,0,0,0,0,0,0,0,0,0,0,0,0,0,0,0,0,0,0
11/7/18 18:56,R_sNJmb3S8OXIuVDr,5,5.750,4.500,5.50,6.00,4.00,5.00,5,5,5,7,6,6,6,,,4,,4,,,,5,0.5,2.5,0,1,2,3
11/7/18 19:06,R_1GNf4xVE4xRq3P1,5,1.875,1.875,1.25,2.50,3.00,0.75,3,2,0,0,2,4,4,0,5,3,2,2,0,3,0,0,0,0,0,0,0,0
11/8/18 2:51,R_3HXEtuGym3RuPPW,5,2.625,2.375,2.75,2.50,3.25,1.50,2,5,2,2,3,3,2,2,1,6,3,3,2,2,1,1,0,0,0,0,0,0
11/8/18 11:35,R_25NiQDNoOoLUOto,5,4.750,5.000,4.50,5.00,5.00,5.00,6,4,4,4,5,5,5,5,,,,5,5,,5,,0,2.5,0,0,3,2
11/7/18 20:20,R_22nNkOwXFFaUB5H,5,6.708,5.500,6.75,6.67,,5.50,6,7,7,7,6,,7,7,,,,,4,7,,,0.5,3,0,1,4,2
11/7/18 21:09,R_2zdOBZ2JzvRh6f6,5,5.083,5.000,5.50,4.67,,5.00,5,7,4,6,5,4,5,,,,,,,5,,,0.5,3.5,0,1,4,3
11/7/18 19:09,R_3IcvxIeOhyOJ0KB,5,6.333,4.500,6.67,6.00,4.50,,7,6,,7,7,7,6,4,,,5,4,,,,,0.5,3,1,0,2,4
11/8/18 7:00,R_12A1oqkAD2Tu7E4,5,2.000,2.750,1.75,2.25,4.00,1.50,2,2,1,2,3,3,2,1,5,3,2,6,1,1,3,1,0,0,0,0,0,0
11/7/18 20:14,R_rkANlfN9Xn4mltn,5,5.125,5.000,5.50,4.75,,5.00,5,6,5,6,5,5,5,4,,,,,5,,,,0,3.5,0,0,4,3
11/8/18 12:37,R_1IRvc48gFfYhP5c,5,4.875,5.000,4.75,5.00,,5.00,5,4,5,5,5,5,5,5,,,,,5,5,5,,0,2.5,0,0,4,1
11/7/18 22:04,R_5d2IZUmPLLuyS9H,5,5.375,6.000,5.25,5.50,,6.00,5,5,5,6,7,4,7,4,,,,,6,,,,0,3.5,0,0,4,3
11/8/18 7:39,R_2yeYtpktXGrRuiS,5,5.125,3.375,5.00,5.25,3.25,3.50,5,6,3,6,6,5,5,5,3,5,1,4,6,2,3,3,0,0,0,0,0,0
11/7/18 22:47,R_2YrMp76NxLBTrNu,5,5.750,7.000,7.00,4.50,7.00,,,7,,7,5,,4,,,,7,,,,,,2,3.5,2,2,3,4
11/8/18 8:48,R_0un5ghZniqSOP05,5,3.125,0.000,2.25,4.00,0.00,0.00,1,5,1,2,3,5,5,3,0,0,0,0,0,0,0,0,0,0,0,0,0,0
11/7/18 20:23,R_2vifGSEM6vRn1cM,5,6.125,6.875,5.25,7.00,6.75,7.00,7,5,2,7,7,7,7,7,7,7,6,7,7,7,7,7,0,0,0,0,0,0
11/7/18 21:16,R_33l4ZC9qNmz76z8,5,4.958,5.000,4.67,5.25,5.00,,5,4,,5,5,6,5,5,,5,,,,,,,0.5,3.5,1,0,3,4
11/8/18 3:16,R_31zrprxuavrlF93,5,4.833,7.000,5.00,4.67,,7.00,5,6,,4,5,5,4,,,,,,7,7,,,1,3,1,1,4,2
11/8/18 18:32,R_26nzio5IgSaFNvH,5,5.375,5.750,6.00,4.75,4.50,7.00,5,6,,7,5,4,6,4,,,5,4,7,,,7,0.5,2,1,0,2,2
11/8/18 10:46,R_3HRpJABMUkTqDpT,5,4.000,4.000,4.00,4.00,4.00,4.00,4,4,4,4,4,4,4,4,,,4,4,,4,,,0,2.5,0,0,2,3
11/7/18 18:00,R_bvFpN5jUIa6bpdf,5,6.500,,6.00,7.00,,,7,4,,7,7,7,7,,,,,,,,,,1,4,1,1,4,4
11/8/18 17:30,R_1nMBNe37IES2AkA,5,5.875,6.000,5.75,6.00,,6.00,6,7,6,4,6,6,6,,,,,,,6,,,0.5,3.5,0,1,4,3
11/8/18 8:13,R_3gLfrYeb8s6JGmd,5,5.500,5.000,6.33,4.67,4.00,6.00,6,6,,7,5,4,5,,4,,,,,7,5,,1,2.5,1,1,3,2
11/8/18 12:40,R_2y9jotHC6qdj7P3,5,5.750,5.750,5.75,5.75,7.00,4.50,5,7,4,7,5,5,6,7,,,,7,5,4,,,0,2.5,0,0,3,2
11/8/18 9:57,R_zT0Nbd9icw1wDQt,5,5.542,,6.33,4.75,,,5,7,,7,4,5,5,5,,,,,,,,,0.5,4,1,0,4,4
11/8/18 4:51,R_xmYzAsyTYZMRZ0R,5,7.000,4.375,7.00,7.00,4.00,4.75,7,7,7,7,7,7,7,7,6,3,2,5,2,7,3,7,0,0,0,0,0,0
11/8/18 16:42,R_306sBaForzUPkBF,5,5.250,7.000,5.25,5.25,,7.00,5,4,5,7,5,5,4,7,,,,,,,7,,0,3.5,0,0,4,3
11/7/18 17:54,R_DpzEvCs5MyUWqt3,5,6.333,,7.00,5.67,,,7,7,,7,7,4,6,,,,,,,,,,1,4,1,1,4,4
11/8/18 17:52,R_2D8HEgq15rywtxE,5,6.500,,7.00,6.00,,,7,,,,7,4,7,,,,,,,,,,2,4,3,1,4,4
11/8/18 5:39,R_ykB6lzaKR3hRwn7,5,4.625,5.500,5.25,4.00,,5.50,5,5,5,6,4,4,4,4,,,,,6,5,,,0,3,0,0,4,2
11/8/18 14:25,R_3nD9382KjAbywIi,5,4.875,6.000,5.00,4.75,6.00,6.00,5,5,5,5,5,4,6,4,,,,6,6,,,,0,3,0,0,3,3
11/8/18 6:54,R_daMTCaGTo3celj3,5,6.125,4.000,6.25,6.00,4.00,4.00,7,7,4,7,7,7,4,6,,,,4,,4,,,0,3,0,0,3,3
11/7/18 17:45,R_2Sfcs9X1PD5D1ug,5,3.375,0.000,3.25,3.50,0.00,0.00,5,4,0,4,5,4,5,0,0,0,0,0,0,0,0,0,0,0,0,0,0,0
11/7/18 18:40,R_w0qQYRHpLoUSEQp,5,4.833,5.000,5.00,4.67,5.00,,4,6,,5,5,4,5,,,,,5,,,,,1,3.5,1,1,3,4
11/8/18 6:44,R_3HB0SOn4vAndAQl,5,6.750,5.917,6.50,7.00,6.33,5.50,5,7,7,7,7,7,7,7,5,7,,7,,4,7,,0,1.5,0,0,1,2
11/8/18 8:37,R_1rNv7hOenJ56tVZ,5,5.625,4.000,5.50,5.75,,4.00,5,6,5,6,5,6,6,6,,,,,4,,,,0,3.5,0,0,4,3
11/7/18 20:03,R_1H6lheVj66nLEdA,5,5.750,5.125,6.25,5.25,5.25,5.00,6,6,7,6,6,4,5,6,5,5,6,5,,,,5,0,1.5,0,0,0,3
11/8/18 10:48,R_3PXo46kCVZ3tLoh,5,4.000,4.000,4.00,4.00,4.00,4.00,4,4,,4,4,4,4,4,,4,,4,4,4,,4,0.5,1.5,1,0,2,1
11/7/18 18:25,R_0INx3Fth7c4Ioi5,5,5.750,4.000,5.50,6.00,,4.00,5,6,5,6,6,6,6,6,,,,,4,,,,0,3.5,0,0,4,3
11/8/18 14:04,R_1rNS8AKokkLwGqh,5,6.375,,6.00,6.75,,,7,7,4,6,7,7,6,7,,,,,,,,,0,4,0,0,4,4
11/8/18 5:54,R_2tzHPZoEF5m25Uz,5,6.125,,6.50,5.75,,,,6,,7,4,6,6,7,,,,,,,,,1,4,2,0,4,4
11/7/18 18:20,R_1eP0v52wY7NLL0p,5,5.625,4.500,5.25,6.00,4.67,4.33,6,5,5,5,6,6,6,6,,5,4,5,5,,4,4,0,1,0,0,1,1
11/8/18 7:37,R_3rPb2Tl5Fbqqmp8,5,4.625,3.375,4.00,5.25,4.50,2.25,1,5,5,5,4,5,6,6,2,4,6,6,1,3,3,2,0,0,0,0,0,0
11/8/18 5:57,R_1hAqWVpSdAbhez4,5,6.125,4.500,6.00,6.25,,4.50,6,6,6,6,7,6,6,6,,,,,4,5,,,0,3,0,0,4,2
11/7/18 22:32,R_1Cxw8VeIcvTP9GZ,5,5.500,5.250,6.00,5.00,5.00,5.50,7,7,,4,7,4,,4,4,7,,4,7,4,,,1,1.5,1,1,1,2
11/7/18 18:31,R_3G3Uw3wj249nO8X,5,5.250,3.500,5.50,5.00,3.50,3.50,6,4,6,6,5,6,5,4,4,5,4,1,3,3,4,4,0,0,0,0,0,0
11/8/18 6:31,R_yWSKi0J1yOJL5pD,5,6.375,4.500,6.00,6.75,4.00,5.00,6,6,6,6,7,7,7,6,4,,4,,,5,,,0,2.5,0,0,2,3
11/8/18 5:58,R_1LHg0mTpvPRjoPH,5,5.000,,5.00,5.00,,,5,4,,6,5,5,5,5,,,,,,,,,0.5,4,1,0,4,4
11/7/18 19:07,R_2VEkleF5SObDcxD,5,4.250,3.625,4.25,4.25,3.25,4.00,5,4,3,5,5,3,6,3,4,3,1,5,3,5,4,4,0,0,0,0,0,0
11/8/18 9:24,R_SJlzVLDlbBXM4et,5,6.625,4.500,7.00,6.25,5.00,4.00,7,7,,7,7,4,7,7,,4,7,4,,4,,,0.5,2,1,0,1,3
11/7/18 19:10,R_3D5Un49ZOrUTiKB,5,6.625,6.500,6.25,7.00,6.50,,7,4,7,7,7,7,7,7,,,6,7,,,,,0,3,0,0,2,4
11/7/18 18:07,R_1BQahooiZO3lxyA,5,7.000,4.000,7.00,7.00,4.00,,7,7,,7,7,7,7,7,,,,4,,,,,0.5,3.5,1,0,3,4
11/8/18 9:19,R_2PvqtXlFyShhhV6,5,4.375,3.625,3.50,5.25,2.50,4.75,3,4,5,2,4,7,5,5,2,2,4,2,2,7,4,6,0,0,0,0,0,0
11/8/18 6:57,R_1IW1ouwk3ag10gc,5,5.875,1.000,6.00,5.75,1.00,1.00,6,6,6,6,6,5,6,6,1,1,1,1,1,1,1,1,0,0,0,0,0,0
11/8/18 6:47,R_2ysDDKveNvY06Fl,5,2.125,1.500,2.50,1.75,0.50,2.50,2,4,2,2,2,2,2,1,0,1,0,1,5,1,4,0,0,0,0,0,0,0
11/8/18 7:20,R_279fKCEhiqObiP9,5,5.625,4.750,5.50,5.75,5.25,4.25,6,6,5,5,6,7,7,3,2,6,7,6,6,2,7,2,0,0,0,0,0,0
11/8/18 9:39,R_20YCaWVWLByhJaN,5,5.500,4.750,5.25,5.75,5.00,4.50,6,5,5,5,6,6,6,5,,,,5,4,5,,,0,2.5,0,0,3,2
11/7/18 18:55,R_27QgPonfrAd11Aw,5,4.250,4.375,4.75,3.75,5.00,3.75,5,4,5,5,5,5,5,0,5,5,5,5,5,5,5,0,0,0,0,0,0,0
11/8/18 8:55,R_1Lqbmx5b5TUV4s5,5,3.250,0.125,3.50,3.00,0.25,0.00,5,4,0,5,5,4,3,0,0,1,0,0,0,0,0,0,0,0,0,0,0,0
11/7/18 17:46,R_3R3GEnhjEJ4rqiT,5,5.750,4.000,5.25,6.25,,4.00,5,5,4,7,6,6,7,6,,,,,4,,,,0,3.5,0,0,4,3
11/7/18 19:21,R_2xxwYe5KOgZTLeE,5,5.208,4.000,5.67,4.75,4.00,,5,6,,6,5,5,5,4,4,4,,4,,,,,0.5,2.5,1,0,1,4
11/8/18 4:52,R_12otBHlRO3jvNNI,5,5.250,3.500,5.00,5.50,2.50,4.50,4,6,4,6,5,5,6,6,1,3,2,4,6,4,4,4,0,0,0,0,0,0
11/8/18 7:46,R_xhHrOEoyZN1PCxP,5,4.625,,4.50,4.75,,,5,4,5,4,5,5,5,4,,,,,,,,,0,4,0,0,4,4
11/7/18 18:32,R_UsSKwmW66h25qaR,5,5.833,,5.67,6.00,,,6,4,,7,7,,7,4,,,,,,,,,1,4,1,1,4,4
11/7/18 17:58,R_yDE3ACxOvJpBCGl,5,6.625,4.000,7.00,6.25,4.00,,7,7,7,7,7,7,7,4,,4,,4,,,,,0,3,0,0,2,4
11/8/18 14:07,R_1LZiWaoHK35JbwG,5,1.625,0.625,1.25,2.00,0.00,1.25,5,0,0,0,4,4,0,0,0,0,0,0,1,0,0,4,0,0,0,0,0,0
11/8/18 15:37,R_2BxouRvjZzpmNEs,5,3.125,1.375,2.50,3.75,1.00,1.75,1,5,0,4,4,4,4,3,1,1,1,1,3,2,1,1,0,0,0,0,0,0
11/7/18 18:14,R_28MXsxw5EJG1xzM,5,6.125,,6.25,6.00,,,6,7,5,7,6,4,7,7,,,,,,,,,0,4,0,0,4,4
11/8/18 7:36,R_2qz6c0pgcnV0dzv,5,6.000,5.500,6.25,5.75,7.00,4.00,6,7,5,7,5,4,7,7,,7,,,,,4,,0,3,0,0,3,3
11/7/18 19:04,R_2tySB0loxdzsjbr,5,5.000,3.375,5.00,5.00,2.75,4.00,6,4,5,5,6,7,4,3,2,3,2,4,4,4,3,5,0,0,0,0,0,0
11/8/18 16:50,R_CfdqtOnvTPNzkOt,5,4.500,2.875,3.75,5.25,1.50,4.25,4,3,3,5,5,5,5,6,1,2,1,2,5,3,6,3,0,0,0,0,0,0
11/8/18 18:37,R_1oFmvXYmcbbBr1e,5,5.250,5.167,4.75,5.75,4.33,6.00,5,5,5,4,6,6,6,5,,4,4,5,,6,,,0,2,0,0,1,3
11/8/18 16:27,R_1kNE4bsjz6QD7TQ,5,4.667,4.000,4.33,5.00,4.00,,5,4,,4,5,5,5,5,,,4,,,,,,0.5,3.5,1,0,3,4
11/7/18 18:01,R_2fk71P8bafpSdFp,5,4.750,4.125,4.75,4.75,4.25,4.00,5,5,4,5,5,5,5,4,4,4,5,4,,4,,,0,1.5,0,0,0,3
11/7/18 23:33,R_a9MCcHZrXVFjoop,5,4.875,1.375,4.75,5.00,1.25,1.50,5,5,3,6,6,4,4,6,1,1,2,1,1,3,1,1,0,0,0,0,0,0
11/8/18 16:01,R_3IZv5Uh1VXEPHuF,5,5.000,4.500,5.00,5.00,5.00,4.00,5,5,5,5,5,5,5,5,,,5,,,4,,,0,3,0,0,3,3
11/8/18 8:48,R_BLiZPp0O93it4Ot,5,4.500,,4.67,4.33,,,4,6,,4,4,5,4,,,,,,,,,,1,4,1,1,4,4
11/7/18 18:20,R_10rriOPECHRnP8W,5,5.500,5.000,5.33,5.67,4.00,6.00,5,5,6,,5,6,6,,,4,,,,6,6,,1,2.5,1,1,3,2
11/8/18 8:51,R_9T7r3R4fWBpZgcN,5,4.875,5.000,4.75,5.00,5.00,,5,5,4,5,5,5,5,5,,,5,,,,,,0,3.5,0,0,3,4
11/7/18 22:32,R_XAkexLsuEye1oCR,5,5.042,,4.75,5.33,,,5,5,4,5,5,6,5,,,,,,,,,,0.5,4,0,1,4,4
11/7/18 21:02,R_XtbnH6Hh6PB8Nc5,5,6.125,5.333,5.50,6.75,,5.33,6,6,4,6,7,7,7,6,,,,,6,4,6,,0,2.5,0,0,4,1
11/7/18 17:58,R_2fvPK3mA2AMq6wP,5,6.000,4.000,5.75,6.25,4.50,3.50,5,7,5,6,5,7,7,6,4,4,4,6,4,4,4,2,0,0,0,0,0,0
11/8/18 6:38,R_T1HUVkYeUkQbMlz,5,6.125,5.000,6.50,5.75,5.00,5.00,6,7,6,7,6,7,6,4,,,5,,,,5,,0,3,0,0,3,3
11/8/18 8:21,R_0iZtOYpTYGSiQDf,5,3.625,0.875,3.50,3.75,1.75,0.00,4,1,4,5,4,4,4,3,3,0,0,4,0,0,0,0,0,0,0,0,0,0
11/8/18 8:42,R_z0BNTaA6wLkuTcJ,5,4.000,4.000,4.00,,4.00,4.00,,,4,,,,,,4,4,4,,4,4,4,4,3.5,0.5,3,4,1,0
11/8/18 4:07,R_1GKbfMBmGHWQ9dI,5,5.125,7.000,4.00,6.25,7.00,,4,,,4,7,7,4,7,,,,7,,,,,1,3.5,2,0,3,4
11/8/18 6:49,R_DiugOtfHeisJwUV,5,6.500,5.000,6.67,6.33,6.00,4.00,6,7,,7,6,7,6,,,,,6,,,4,,1,3,1,1,3,3
11/7/18 20:01,R_ZFaruuMn0hctt73,5,6.625,5.333,6.25,7.00,5.00,5.67,6,6,6,7,7,7,7,,,4,,6,5,6,6,,0.5,1.5,0,1,2,1
11/7/18 22:03,R_2YGuwpLkZvl98cS,5,4.250,1.125,3.50,5.00,2.25,0.00,5,5,0,4,5,5,5,5,0,5,1,3,0,0,0,0,0,0,0,0,0,0
11/7/18 19:16,R_3qPb8Nczwifa5Xd,5,4.417,5.500,4.33,4.50,5.50,,4,5,,4,4,4,5,5,6,,5,,,,,,0.5,3,1,0,2,4
11/7/18 21:00,R_2bQp4dHKPCcFe4M,5,4.875,3.250,4.25,5.50,2.75,3.75,5,5,1,6,5,5,6,6,2,2,1,6,5,1,6,3,0,0,0,0,0,0
11/8/18 5:24,R_shBpwbFMaIOvZdv,5,5.250,1.625,4.75,5.75,2.25,1.00,6,6,1,6,6,5,6,6,1,1,1,6,1,1,1,1,0,0,0,0,0,0
11/7/18 18:27,R_21Fn7MdolkidUib,5,5.000,,5.00,5.00,,,6,4,5,,5,5,5,,,,,,,,,,1,4,1,1,4,4
11/7/18 18:53,R_Bsn16nSSsWq5KXD,5,5.542,5.375,5.33,5.75,5.75,5.00,7,4,,5,5,6,5,7,6,5,6,6,4,7,4,5,0.5,0,1,0,0,0
11/8/18 4:51,R_1hWK4S1gQTvxSwD,5,6.875,3.875,6.75,7.00,4.50,3.25,7,7,7,6,7,7,7,7,4,6,4,4,5,4,2,2,0,0,0,0,0,0
11/7/18 21:22,R_cupdEBmJNa58BGh,5,7.000,5.750,7.00,7.00,6.00,5.50,7,7,,7,7,7,7,7,,5,7,,7,4,,,0.5,2,1,0,2,2
11/8/18 11:47,R_3IAGgqpBbGedOxz,5,5.000,,5.67,4.33,,,5,6,,6,4,4,5,,,,,,,,,,1,4,1,1,4,4
11/8/18 11:53,R_1CKDkMIS8HJgpfs,5,5.000,3.875,5.50,4.50,3.25,4.50,5,7,4,6,5,4,4,5,6,2,3,2,6,4,5,3,0,0,0,0,0,0
11/8/18 14:12,R_1mg5S1sNtz4xIWN,5,6.875,6.000,6.75,7.00,6.50,5.50,7,6,7,7,7,7,7,7,,6,,7,4,7,,,0,2,0,0,2,2
11/8/18 9:31,R_2zNrIrhr1AUqI1Q,5,4.000,2.000,4.25,3.75,1.75,2.25,4,5,4,4,4,3,4,4,3,0,4,0,5,4,0,0,0,0,0,0,0,0
11/8/18 5:48,R_2uESYyDc632BTVm,5,6.333,4.500,6.33,6.33,4.00,5.00,5,7,,7,6,,6,7,,4,,,,,,5,1,3,1,1,3,3
11/8/18 9:29,R_2YyvQ3poHlbnww4,5,7.000,4.750,7.00,,5.50,4.00,7,,7,,,,,,4,4,7,7,4,4,4,4,3,0,2,4,0,0
11/7/18 19:55,R_UYKlbb7piy2MteF,5,7.000,6.000,7.00,7.00,5.50,6.50,7,7,,7,7,7,7,7,4,,7,,,7,6,,0.5,2,1,0,2,2
11/8/18 1:15,R_3MlYyp9YshC7e7f,5,5.375,,5.75,5.00,,,5,7,4,7,5,5,5,,,,,,,,,,0.5,4,0,1,4,4
11/8/18 6:14,R_1gBfair7xjtGzHz,5,3.125,1.750,2.75,3.50,1.50,2.00,3,4,0,4,3,2,4,5,2,3,1,0,2,4,0,2,0,0,0,0,0,0
11/7/18 18:08,R_1EaDcAth71fZtfm,5,4.000,,4.00,4.00,,,4,4,4,4,4,4,4,4,,,,,,,,,0,4,0,0,4,4
11/7/18 23:16,R_urIwKeH1enkZgQh,5,5.750,4.000,6.00,5.50,4.00,4.00,6,6,6,6,6,4,6,6,,4,,4,4,4,,,0,2,0,0,2,2
11/8/18 7:33,R_1K0DnZbMpfFdZTa,5,3.500,1.750,3.75,3.25,1.75,1.75,4,6,1,4,4,4,4,1,1,1,1,4,1,1,4,1,0,0,0,0,0,0
11/8/18 15:02,R_1GIVKUFS4LwIbkR,5,4.375,4.000,4.00,4.75,4.00,,4,4,4,,5,5,5,4,,4,,4,,,,,0.5,3,1,0,2,4
11/7/18 18:00,R_1N7VKHwG7a7sSAv,5,4.750,3.375,5.00,4.50,3.50,3.25,5,5,6,4,4,5,4,5,4,4,2,4,5,2,5,1,0,0,0,0,0,0
11/8/18 7:33,R_215SjMsbyjsad9Q,5,4.875,,4.75,5.00,,,5,5,5,4,5,5,5,5,,,,,,,,,0,4,0,0,4,4
11/7/18 17:49,R_24o8EKqESkeuesG,5,6.500,,6.00,7.00,,,7,6,4,7,7,7,7,7,,,,,,,,,0,4,0,0,4,4
11/7/18 23:02,R_8B6QqzPf9z5GzPr,5,4.500,4.000,4.67,4.33,,4.00,4,6,,4,5,,4,4,,,,,,,4,,1,3.5,1,1,4,3
11/8/18 4:42,R_1cRJZjakggTvF8m,5,6.500,7.000,6.00,7.00,7.00,7.00,7,4,,7,7,7,7,7,,7,7,7,,7,7,,0.5,1.5,1,0,1,2
11/8/18 8:02,R_pQMvcZlsL5SMWD7,6,7.000,1.625,7.00,7.00,1.50,1.75,7,7,7,7,7,7,7,7,1,1,2,2,1,2,2,2,0,0,0,0,0,0
11/7/18 19:55,R_bdBQ2Bi2g9QaKR3,6,5.667,4.500,6.00,5.33,3.00,6.00,5,7,5,7,4,,5,7,,,,3,6,,,,0.5,3,0,1,3,3
11/8/18 6:53,R_1IbngVSvq2Ombbc,6,6.000,3.500,5.75,6.25,4.00,3.00,5,7,4,7,5,7,7,6,1,5,4,6,4,3,2,3,0,0,0,0,0,0
11/8/18 14:41,R_3HAeyFKdqYA4Kpf,6,6.250,4.000,6.75,5.75,3.00,5.00,7,7,6,7,5,7,7,4,,,,3,4,5,5,6,0,1.5,0,0,3,0
11/7/18 21:20,R_2tyuZWJR35R43c3,6,6.000,2.250,6.00,6.00,3.00,1.50,6,6,6,6,6,6,6,6,6,0,6,0,0,6,0,0,0,0,0,0,0,0
11/8/18 7:44,R_3F2UcnEvTK5rXSh,6,4.750,3.125,5.00,4.50,4.25,2.00,6,4,4,6,5,5,5,3,5,5,2,5,5,3,0,0,0,0,0,0,0,0
11/7/18 21:01,R_3R1l8QJM400GBnz,6,4.750,0.375,4.75,4.75,0.75,0.00,6,6,1,6,6,6,6,1,0,1,1,1,0,0,0,0,0,0,0,0,0,0
11/8/18 3:03,R_33mC7oBf7coMn1r,6,5.500,2.250,5.50,5.50,2.00,2.50,6,6,4,6,6,6,6,4,4,4,0,0,4,6,0,0,0,0,0,0,0,0
11/8/18 18:21,R_3qJW6E7StX5gx1A,6,1.625,1.125,0.50,2.75,1.00,1.25,2,0,0,0,5,6,0,0,1,3,0,0,0,1,0,4,0,0,0,0,0,0
11/8/18 3:49,R_1K7Mfkzf0bBFI6N,6,6.750,4.000,6.50,7.00,4.25,3.75,6,7,6,7,7,7,7,7,3,7,1,6,3,4,4,4,0,0,0,0,0,0
11/7/18 18:35,R_2uQfs4TMxqGz0Rn,6,4.500,4.750,5.75,3.25,4.25,5.25,5,7,5,6,4,3,4,2,7,5,1,4,6,4,6,5,0,0,0,0,0,0
11/7/18 18:31,R_xlTTjS6zyGPaLgB,6,6.000,,5.67,6.33,,,3,7,,7,5,7,,7,,,,,,,,,1,4,1,1,4,4
11/7/18 18:02,R_0lHQHjbcjQAWJJn,6,4.500,5.000,4.00,5.00,5.00,,3,5,5,3,5,5,5,5,,,,5,,,,,0,3.5,0,0,3,4
11/7/18 18:37,R_9XG1Xs6ApbxNT0t,6,5.125,2.125,5.50,4.75,1.25,3.00,5,5,6,6,6,4,5,4,0,0,0,5,3,5,4,0,0,0,0,0,0,0
11/8/18 6:09,R_ULtJsUluqxzfrod,6,4.417,5.000,4.50,4.33,5.00,,3,5,5,5,5,3,5,,,,5,,,,,,0.5,3.5,0,1,3,4
11/8/18 11:21,R_r7pa9L5KcV3lD9L,6,3.833,,3.67,4.00,,,4,3,,4,4,4,4,,,,,,,,,,1,4,1,1,4,4
11/8/18 12:05,R_1LBbPQ9cShtLd4S,6,6.000,4.375,5.67,6.33,5.00,3.75,6,7,4,,7,6,6,,4,4,6,6,4,4,3,4,1,0,1,1,0,0
11/7/18 19:16,R_2aEqWlJIltjft9f,6,5.125,2.000,5.00,5.25,1.75,2.25,5,6,4,5,6,4,5,6,0,2,0,5,4,2,3,0,0,0,0,0,0,0
11/8/18 6:06,R_2atALDuZwPssOrP,6,2.000,2.500,1.00,3.00,2.25,2.75,1,1,1,1,4,2,2,4,4,2,2,1,3,2,6,0,0,0,0,0,0,0
11/8/18 10:36,R_8tPJDcDKUFimwHD,6,6.500,4.125,6.25,6.75,4.25,4.00,6,7,6,6,6,7,7,7,4,6,1,6,4,4,4,4,0,0,0,0,0,0
11/7/18 19:02,R_3Ra3tsmwY0OMZNY,6,4.125,2.250,4.25,4.00,2.00,2.50,4,4,3,6,3,5,4,4,4,3,1,0,0,4,5,1,0,0,0,0,0,0
11/7/18 18:40,R_3KpUrtqdSF9LTya,6,5.500,3.000,6.25,4.75,3.50,2.50,6,7,6,6,6,4,4,5,2,4,4,4,1,4,2,3,0,0,0,0,0,0
11/8/18 14:00,R_3ek72nXbF1lyMr9,6,4.125,4.000,3.75,4.50,,4.00,5,4,3,3,5,,4,,,,,,,4,,,1,3.5,0,2,4,3
11/8/18 15:29,R_10rDchoDroqIRMS,6,4.500,1.750,3.50,5.50,2.25,1.25,2,4,2,6,5,6,7,4,1,3,4,1,1,2,1,1,0,0,0,0,0,0
11/8/18 6:44,R_24HoecaXlDBtEZO,6,6.375,6.250,6.25,6.50,5.50,7.00,5,6,7,7,6,7,6,7,6,6,3,7,,7,,,0,1.5,0,0,0,3
11/7/18 19:22,R_1K3BZwnhLQmZElb,6,3.625,3.625,2.25,5.00,2.25,5.00,2,4,1,2,5,5,4,6,0,2,3,4,5,5,4,6,0,0,0,0,0,0
11/7/18 18:58,R_2dY2H2oHwOn0CMh,6,4.250,0.375,3.50,5.00,0.50,0.25,4,4,3,3,6,5,5,4,0,2,0,0,1,0,0,0,0,0,0,0,0,0
11/8/18 7:34,R_r1GZSSa1ei6zDUJ,6,5.250,4.000,5.75,4.75,3.00,5.00,4,7,5,7,5,5,5,4,,,,3,5,,,,0,3,0,0,3,3
11/8/18 4:21,R_1LFInW9mUiqwbYT,6,2.125,3.750,2.50,1.75,5.25,2.25,2,4,1,3,1,1,1,4,6,1,7,7,2,1,4,2,0,0,0,0,0,0
11/8/18 6:24,R_1Fne5qAN4pEwWx1,6,3.750,1.000,3.25,4.25,1.25,0.75,4,4,2,3,6,4,4,3,1,1,1,2,2,1,0,0,0,0,0,0,0,0
11/7/18 20:16,R_AoeONrnxzSc9vJ7,6,5.458,5.833,6.25,4.67,5.67,6.00,6,6,6,7,5,3,6,,5,5,,7,6,5,7,,0.5,1,0,1,1,1
11/7/18 18:54,R_2QG8NhpEOilb6KG,6,2.500,3.750,3.25,1.75,4.00,3.50,1,0,6,6,2,1,3,1,6,6,1,3,5,3,5,1,0,0,0,0,0,0
11/8/18 15:35,R_10DzLCrxzI0lFEp,6,5.750,4.000,5.25,6.25,2.50,5.50,6,5,5,5,7,6,6,6,4,2,1,3,7,5,5,5,0,0,0,0,0,0
11/7/18 21:15,R_sGLm9PlSuW0zsEp,6,4.250,1.250,3.50,5.00,1.25,1.25,5,4,0,5,5,6,5,4,1,1,0,3,1,2,1,1,0,0,0,0,0,0
11/7/18 18:22,R_31HS9ggKlUsnRut,6,5.250,1.125,6.00,4.50,1.50,0.75,6,6,6,6,6,6,6,0,0,0,0,6,0,3,0,0,0,0,0,0,0,0
11/8/18 7:54,R_3R7xiFOOsOVAjnk,6,5.000,6.000,4.00,6.00,6.00,6.00,5,3,5,3,7,7,7,3,6,6,,,6,,6,6,0,1.5,0,0,2,1
11/8/18 8:05,R_2QQUC93oVzYANRN,6,4.125,2.000,3.50,4.75,2.75,1.25,4,2,4,4,5,4,4,6,4,2,5,0,3,2,0,0,0,0,0,0,0,0
11/7/18 19:20,R_29sq2k5Vw6Uoo3t,6,1.750,0.125,1.50,2.00,0.00,0.25,0,0,0,6,6,0,2,0,0,0,0,0,0,0,1,0,0,0,0,0,0,0
11/8/18 15:35,R_3GiYFxt7dch7uQ2,6,6.125,3.250,6.00,6.25,3.00,3.50,7,6,5,6,7,7,5,6,5,4,2,1,4,4,4,2,0,0,0,0,0,0
11/8/18 9:10,R_3mesRDgAd4thLwX,6,3.500,,4.00,3.00,,,3,5,,4,3,,3,,,,,,,,,,1.5,4,1,2,4,4
11/8/18 13:53,R_217HuD9tBPX8jNw,6,3.500,0.000,4.50,2.50,0.00,0.00,6,6,0,6,2,2,2,4,0,0,0,0,0,0,0,0,0,0,0,0,0,0
11/7/18 18:00,R_1oBUKq5KiBxXfpH,6,6.000,2.875,5.50,6.50,4.25,1.50,7,3,6,6,6,6,7,7,5,3,5,4,2,1,2,1,0,0,0,0,0,0
11/8/18 6:07,R_2435Bb32czSI9hn,6,5.625,2.625,6.00,5.25,2.00,3.25,6,6,5,7,5,4,6,6,1,4,1,2,3,3,4,3,0,0,0,0,0,0
11/8/18 1:01,R_XFfZaTDaES1ekBX,6,4.125,1.750,4.50,3.75,2.00,1.50,2,6,4,6,4,0,6,5,0,0,4,4,6,0,0,0,0,0,0,0,0,0
11/8/18 7:41,R_1LYzET4AH9lyBjc,6,6.875,3.625,6.75,7.00,3.50,3.75,7,6,7,7,7,7,7,7,3,3,1,7,4,6,1,4,0,0,0,0,0,0
11/8/18 11:13,R_abYxNMGvohodJOp,6,5.083,5.500,4.50,5.67,6.00,5.00,5,3,5,5,5,6,6,,,,,6,5,5,5,,0.5,2,0,1,3,1
11/8/18 8:18,R_2YlE1Mhbv59asoj,6,3.000,7.000,3.00,3.00,7.00,,3,3,,3,3,3,3,3,,,,7,,,,,0.5,3.5,1,0,3,4
11/8/18 18:34,R_1mw9WDO2fzVG2zx,6,5.125,1.375,4.50,5.75,1.50,1.25,6,4,3,5,6,6,5,6,2,2,1,1,2,2,1,0,0,0,0,0,0,0
11/8/18 4:30,R_3JzlNV5ZgWZ2w4C,6,4.750,5.000,5.00,4.50,5.00,5.00,5,5,5,5,5,5,5,3,4,5,,6,5,5,5,5,0,0.5,0,0,1,0
11/8/18 2:29,R_1mF2lUNVOUcE7B4,6,3.250,3.875,4.00,2.50,4.25,3.50,2,4,4,6,1,1,2,6,4,4,4,5,0,3,6,5,0,0,0,0,0,0
11/7/18 17:55,R_dbbAsbsHkHDU0Dv,6,7.000,3.875,7.00,7.00,2.50,5.25,7,7,7,7,7,7,7,7,3,2,1,4,7,6,7,1,0,0,0,0,0,0
11/8/18 5:26,R_3QDCe0MP33d5eHG,6,4.375,6.667,4.50,4.25,6.67,,3,7,3,5,4,3,4,6,,7,7,6,,,,,0,2.5,0,0,1,4
11/8/18 10:47,R_8G4arLVNMlPdPJ7,6,3.625,,3.75,3.50,,,3,5,3,4,3,3,4,4,,,,,,,,,0,4,0,0,4,4
11/8/18 16:22,R_3RfHyGdhtjcxGVg,6,4.250,4.000,4.00,4.50,,4.00,5,4,3,4,5,4,4,5,,,,,,4,,,0,3.5,0,0,4,3
11/7/18 20:12,R_3sjHKd3RG3Pv98l,6,4.625,2.000,5.25,4.00,1.25,2.75,5,6,5,5,5,4,5,2,2,2,0,1,4,4,0,3,0,0,0,0,0,0
11/7/18 20:07,R_1K2OsdJG6U3O4m9,6,7.000,3.250,7.00,7.00,1.00,5.50,7,7,7,7,7,7,7,7,1,1,1,1,7,1,7,7,0,0,0,0,0,0
11/7/18 19:58,R_ZgUrA9MJ8q4TA09,6,3.625,0.000,2.75,4.50,0.00,0.00,6,0,0,5,5,5,5,3,0,0,0,0,0,0,0,0,0,0,0,0,0,0
11/7/18 19:51,R_yDOAPLhKiyWKD1n,6,3.250,0.000,2.50,4.00,0.00,0.00,0,5,0,5,5,6,5,0,0,0,0,0,0,0,0,0,0,0,0,0,0,0
11/8/18 7:22,R_3Emof9FED6Qx1fY,6,6.625,3.000,6.50,6.75,3.00,3.00,6,6,7,7,7,6,7,7,,3,3,,,,3,,0,2.5,0,0,2,3
11/7/18 22:04,R_1ojOmx7g4kPmgsa,6,6.500,2.625,6.75,6.25,2.25,3.00,7,7,6,7,6,6,6,7,1,1,1,6,1,1,3,7,0,0,0,0,0,0
11/8/18 7:08,R_2fHSkd2TXkLJuR8,6,4.375,,5.00,3.75,,,6,4,,,3,4,4,4,,,,,,,,,1,4,2,0,4,4
11/8/18 8:03,R_1kIGdgbFUMiS875,6,4.500,4.500,4.25,4.75,4.00,5.00,4,6,4,3,4,6,4,5,,,,4,,5,,,0,3,0,0,3,3
11/8/18 15:11,R_31RzXH74efdxC2h,6,4.250,,4.25,4.25,,,4,5,3,5,4,5,4,4,,,,,,,,,0,4,0,0,4,4
11/7/18 19:16,R_20T1mnFE4LFyTfl,6,5.875,6.125,5.25,6.50,7.00,5.25,5,4,5,7,6,7,6,7,,,7,,4,3,7,7,0,1.5,0,0,3,0
11/8/18 6:31,R_27PUBdDCc3Z3VE5,6,5.125,0.500,5.50,4.75,0.00,1.00,5,6,5,6,5,5,5,4,0,0,0,0,4,0,0,0,0,0,0,0,0,0
11/8/18 9:51,R_a4VzawNRjnrUtYl,6,3.875,,3.75,4.00,,,4,4,3,4,4,,4,,,,,,,,,,1,4,0,2,4,4
11/7/18 19:50,R_2xMeVPxPYjPn0Ub,6,4.625,,4.25,5.00,,,5,3,5,4,5,5,5,5,,,,,,,,,0,4,0,0,4,4
11/7/18 18:59,R_1KXevTm6It7hYFX,6,4.167,,4.33,4.00,,,3,5,,5,3,5,4,4,,,,,,,,,0.5,4,1,0,4,4
11/8/18 1:41,R_2V2q1qAHHYirVkk,6,4.667,,4.00,5.33,,,5,4,3,4,5,5,6,,,,,,,,,,0.5,4,0,1,4,4
11/7/18 17:50,R_2U5YY3UPbCJFWYC,6,4.792,4.333,4.33,5.25,4.33,,5,3,,5,5,5,6,5,5,,4,4,,,,,0.5,2.5,1,0,1,4
11/8/18 7:47,R_2RU6dCQ3JGagJvz,6,2.750,1.000,3.75,1.75,1.25,0.75,4,4,1,6,4,1,1,1,1,1,1,2,1,0,1,1,0,0,0,0,0,0
11/8/18 14:26,R_3JxQpeM8YaK4UZS,6,3.250,3.500,3.25,3.25,,3.50,4,3,3,3,4,3,3,3,,,,,,3,4,,0,3,0,0,4,2
11/7/18 21:04,R_1ImIMsgOypUYG1r,6,4.333,3.000,4.00,4.67,3.00,3.00,5,4,4,3,5,5,4,,3,,,,,,3,,0.5,3,0,1,3,3
11/7/18 18:35,R_2AEcBrahUQ8kFJr,6,2.750,1.750,4.25,1.25,1.75,1.75,1,7,2,7,2,1,1,1,1,2,3,1,1,2,1,3,0,0,0,0,0,0
11/8/18 5:58,R_2Tmx7Nvmi3VKrD4,6,5.875,2.875,6.00,5.75,3.50,2.25,6,7,4,7,6,4,6,7,4,4,2,4,1,4,2,2,0,0,0,0,0,0
11/8/18 5:12,R_3sB9baeGu3i8XOa,6,4.625,4.500,4.25,5.00,4.00,5.00,5,5,4,3,5,5,5,5,,,,4,,5,,,0,3,0,0,3,3
11/8/18 8:34,R_29gnTHJrk78SCug,6,6.250,5.750,5.50,7.00,4.50,7.00,5,7,3,7,7,7,,,4,5,,,7,,,,1,2.5,0,2,2,3
11/8/18 12:32,R_2qDak84TDk94aeb,6,4.250,0.500,4.00,4.50,1.00,0.00,4,6,0,6,4,6,4,4,0,0,4,0,0,0,0,0,0,0,0,0,0,0
11/7/18 19:19,R_21yxngF7cEtqLTV,6,4.875,1.625,4.25,5.50,1.00,2.25,4,6,1,6,5,5,5,7,1,1,1,1,6,1,1,1,0,0,0,0,0,0
11/7/18 19:51,R_114xAHxQSbpGH7i,6,4.250,0.500,5.25,3.25,1.00,0.00,5,6,4,6,5,4,4,0,0,0,0,4,0,0,0,0,0,0,0,0,0,0
11/7/18 20:49,R_ZsOwMkM9QUTtXmp,6,3.250,,3.25,3.25,,,3,3,3,4,3,3,3,4,,,,,,,,,0,4,0,0,4,4
11/7/18 18:53,R_24wNGPN1WB9Imvr,6,3.917,,4.33,3.50,,,3,5,,5,3,3,3,5,,,,,,,,,0.5,4,1,0,4,4
11/8/18 4:30,R_2VvEdTlcuqgF3ws,6,3.500,0.125,3.25,3.75,0.25,0.00,5,3,0,5,6,1,5,3,0,1,0,0,0,0,0,0,0,0,0,0,0,0
11/7/18 18:04,R_2VHAuVDiarkQ8hk,6,2.500,1.375,3.75,1.25,1.75,1.00,1,6,2,6,2,1,2,0,2,2,1,2,1,1,1,1,0,0,0,0,0,0
11/7/18 18:15,R_2xGdSPy3sdggeEk,6,5.375,5.875,5.75,5.00,5.00,6.75,6,6,5,6,5,4,5,6,7,6,1,6,7,6,7,7,0,0,0,0,0,0
11/7/18 19:04,R_2WNNe1krRVTvAv0,6,5.000,5.125,4.50,5.50,6.00,4.25,1,7,3,7,3,6,6,7,3,7,7,7,2,4,4,7,0,0,0,0,0,0
11/7/18 18:33,R_2w5AGYV8kYcGurM,6,6.375,5.000,6.50,6.25,4.00,6.00,6,6,7,7,7,6,6,6,,3,,5,,6,,,0,2.5,0,0,2,3
11/8/18 6:55,R_2wFYou4QdYPzhdi,6,4.500,0.000,5.25,3.75,0.00,0.00,5,6,4,6,5,2,5,3,0,0,0,0,0,0,0,0,0,0,0,0,0,0
11/7/18 19:15,R_2pMt623EwWfxN3K,6,5.750,5.000,6.25,5.25,5.50,4.50,7,6,6,6,4,6,5,6,6,5,5,6,1,6,5,6,0,0,0,0,0,0
11/7/18 20:06,R_x9tFzYlkp4tHuUx,6,2.875,1.500,3.00,2.75,0.00,3.00,2,4,0,6,2,3,2,4,0,0,0,0,2,4,0,6,0,0,0,0,0,0
11/8/18 6:48,R_1MPTmLeUx8syAMa,6,4.750,3.000,5.25,4.25,2.25,3.75,4,6,4,7,5,4,4,4,3,2,2,2,5,5,1,4,0,0,0,0,0,0
11/7/18 18:09,R_33r5KkhtoSPu6ox,6,3.500,0.500,3.50,3.50,1.00,0.00,4,6,0,4,4,0,4,6,0,0,0,4,0,0,0,0,0,0,0,0,0,0
11/8/18 5:04,R_1P0JMlBW3O11BLM,7,6.750,3.875,6.75,6.75,4.75,3.00,7,6,7,7,7,7,7,6,4,4,4,7,4,7,1,0,0,0,0,0,0,0
11/8/18 5:48,R_2CIhtSKkT9mZUXG,7,6.750,1.375,6.50,7.00,1.75,1.00,6,7,6,7,7,7,7,7,0,0,7,0,0,4,0,0,0,0,0,0,0,0
11/7/18 18:23,R_3nD9zLIHZb6cMnK,7,5.500,3.125,5.75,5.25,2.75,3.50,4,6,6,7,5,5,6,5,0,4,3,4,5,4,1,4,0,0,0,0,0,0
11/7/18 22:05,R_3hGrW9MUIbz3sYn,7,5.500,4.417,5.00,6.00,3.50,5.33,4,6,4,6,6,6,6,6,2,6,2,4,6,4,6,,0,0.5,0,0,0,1
11/7/18 18:18,R_1BRbTX9geCyCxSZ,7,4.500,0.250,5.00,4.00,0.00,0.50,4,7,3,6,4,4,4,4,0,0,0,0,0,2,0,0,0,0,0,0,0,0
11/7/18 19:49,R_2UWmA0KKRO8NrzH,7,3.708,2.000,2.75,4.67,,2.00,2,2,4,3,5,4,5,,,,,,2,,,,0.5,3.5,0,1,4,3
11/8/18 8:20,R_3QVJfNneOv9Zm9i,7,3.417,6.000,3.50,3.33,,6.00,3,5,2,4,3,3,4,,,,,,6,6,7,5,0.5,2,0,1,4,0
11/8/18 16:57,R_1GQzDXGsmYjZcB7,7,4.125,1.000,4.00,4.25,1.50,0.50,2,7,1,6,4,4,4,5,0,0,6,0,0,0,0,2,0,0,0,0,0,0
11/7/18 22:47,R_2QJPsVRS7amrXkR,7,7.000,5.250,7.00,7.00,5.25,5.25,7,7,7,7,7,7,7,7,7,7,0,7,7,7,7,0,0,0,0,0,0,0
11/8/18 14:07,R_pEnQBknj37sarO9,7,5.375,2.000,4.75,6.00,2.00,2.00,6,7,0,6,6,6,6,6,1,1,0,6,4,4,0,0,0,0,0,0,0,0
11/7/18 22:00,R_cT8hFzE7qY27mUh,7,0.875,0.000,1.75,0.00,0.00,0.00,0,7,0,0,0,0,0,0,0,0,0,0,0,0,0,0,0,0,0,0,0,0
11/7/18 18:02,R_2e9CVOcwhTcAuRe,7,5.625,1.625,6.00,5.25,1.25,2.00,5,7,5,7,5,6,5,5,0,0,5,0,0,5,0,3,0,0,0,0,0,0
11/7/18 18:52,R_DCD59XPIAnpp31L,7,6.000,1.750,7.00,5.00,3.50,0.00,7,7,7,7,7,6,0,7,0,7,0,7,0,0,0,0,0,0,0,0,0,0
11/8/18 17:07,R_T6IMcJsjEWc0YTv,7,3.375,4.333,3.25,3.50,5.00,3.67,3,4,2,4,4,3,3,4,,5,,,3,4,4,,0,2,0,0,3,1
11/7/18 22:18,R_x3ig707FRGWSXVT,7,3.625,3.625,3.00,4.25,4.50,2.75,6,2,3,1,5,3,4,5,7,4,4,3,0,3,4,4,0,0,0,0,0,0
11/7/18 19:01,R_3rIFgsO0rnYV5HD,7,4.083,,3.67,4.50,,,5,2,,4,5,,4,,,,,,,,,,1.5,4,1,2,4,4
11/8/18 7:29,R_YazAFsuOQPkuiFX,7,6.750,2.625,6.50,7.00,3.50,1.75,7,7,5,7,7,7,7,7,0,7,0,7,0,7,0,0,0,0,0,0,0,0
11/7/18 19:48,R_1OxHomybmtMsT8g,7,5.625,1.375,5.50,5.75,0.75,2.00,6,7,3,6,6,6,6,5,0,0,0,3,0,0,6,2,0,0,0,0,0,0
11/8/18 6:05,R_2q7VvP6wBQuQPua,7,6.250,4.000,6.00,6.50,2.75,5.25,6,7,5,6,7,6,7,6,4,4,0,3,6,5,4,6,0,0,0,0,0,0
11/8/18 4:39,R_1KmdCEjavePHwor,7,4.125,0.000,3.75,4.50,0.00,0.00,4,4,0,7,4,7,7,0,0,0,0,0,0,0,0,0,0,0,0,0,0,0
11/7/18 20:36,R_1fkmjr289lmnEq7,7,5.375,3.750,4.50,6.25,5.00,2.50,6,6,0,6,7,6,6,6,4,4,6,6,4,0,6,0,0,0,0,0,0,0
11/8/18 7:03,R_29vt36vNFPC0oSJ,7,5.750,3.875,5.75,5.75,5.75,2.00,6,5,5,7,6,7,6,4,7,7,4,5,0,0,7,1,0,0,0,0,0,0
11/8/18 18:28,R_3374DKn8TK5DpTH,7,4.083,,3.67,4.50,,,5,2,,4,5,4,,,,,,,,,,,1.5,4,1,2,4,4
11/7/18 18:12,R_1JDFOXAPw7GzZ1P,7,4.250,3.000,4.00,4.50,3.50,2.50,4,4,5,3,6,6,6,0,0,7,0,7,6,0,0,4,0,0,0,0,0,0
11/8/18 8:25,R_2AR4RGGBCEF58ml,7,6.500,1.500,6.25,6.75,2.00,1.00,7,7,4,7,6,7,7,7,0,4,0,4,0,4,0,0,0,0,0,0,0,0
11/8/18 9:08,R_3kN9uqiq8IXUjeY,7,7.000,0.000,7.00,7.00,0.00,0.00,7,7,7,7,7,7,7,7,0,0,0,0,0,0,0,0,0,0,0,0,0,0
11/8/18 14:25,R_2q7WNlokAToefZO,7,3.000,0.750,4.00,2.00,1.00,0.50,1,7,1,7,5,1,1,1,1,1,1,1,0,1,1,0,0,0,0,0,0,0
11/8/18 13:00,R_1IbW0WJJL4Ykj6n,7,6.000,2.750,5.75,6.25,2.25,3.25,5,6,5,7,7,5,6,7,0,3,0,6,0,4,5,4,0,0,0,0,0,0
11/7/18 21:46,R_1QcoAVmleXUVatN,7,4.250,0.125,3.50,5.00,0.25,0.00,2,7,0,5,3,7,4,6,1,0,0,0,0,0,0,0,0,0,0,0,0,0
11/8/18 8:54,R_cu3PqiCqojuU2LT,7,5.375,0.875,4.75,6.00,1.75,0.00,6,6,0,7,6,4,7,7,0,0,7,0,0,0,0,0,0,0,0,0,0,0
11/8/18 6:08,R_cSxlussEOW6hKeJ,7,4.625,0.625,5.25,4.00,1.25,0.00,4,6,4,7,4,4,4,4,0,1,4,0,0,0,0,0,0,0,0,0,0,0
11/8/18 13:33,R_pQzKhJYr8Do6sRH,7,5.875,3.125,6.25,5.50,4.00,2.25,6,7,6,6,6,6,6,4,4,4,4,4,4,5,0,0,0,0,0,0,0,0
11/8/18 16:27,R_1MXKTZV7xjOXQW9,7,2.000,,2.00,,,,2,,,,,,,,,,,,,,,,3.5,4,3,4,4,4
11/7/18 17:45,R_1IvcgnlWwt8IJOR,7,2.125,2.000,2.25,2.00,,2.00,2,3,2,2,2,2,2,,,,,,,,2,,0.5,3.5,0,1,4,3
11/7/18 18:30,R_wMEbXeQ4Bx1vbFf,7,3.000,0.000,4.25,1.75,0.00,0.00,3,7,0,7,7,0,0,0,0,0,0,0,0,0,0,0,0,0,0,0,0,0
11/7/18 18:20,R_3lWEA5vqvVuqwrT,7,5.000,4.375,5.50,4.50,3.50,5.25,4,7,4,7,4,7,7,0,0,7,0,7,7,7,7,0,0,0,0,0,0,0
11/7/18 22:03,R_3I6Or1v0M3ASAPx,7,3.750,,3.50,4.00,,,4,4,2,4,4,4,4,4,,,,,,,,,0,4,0,0,4,4
11/8/18 6:29,R_1PRCvVdUA4awXVU,7,5.250,3.167,4.75,5.75,4.33,2.00,4,4,5,6,6,5,6,6,2,5,6,,,2,,,0,2,0,0,1,3
11/8/18 7:37,R_AEwYr0kTa0cM14B,7,3.250,0.000,3.25,3.25,0.00,0.00,6,7,0,0,6,0,7,0,0,0,0,0,0,0,0,0,0,0,0,0,0,0
11/7/18 19:02,R_3oMgjDh0EqG3eSa,7,6.000,2.625,5.75,6.25,2.50,2.75,6,5,5,7,6,7,6,6,1,2,4,3,4,1,6,0,0,0,0,0,0,0
11/7/18 18:15,R_2yqkevrMPPE3yeb,7,5.375,3.000,5.25,5.50,,3.00,6,6,4,5,6,6,6,4,,,,,,4,2,,0,3,0,0,4,2
11/8/18 6:08,R_1dKcaCXSjnPt92F,7,6.375,0.500,6.25,6.50,1.00,0.00,7,7,4,7,7,6,7,6,0,0,4,0,0,0,0,0,0,0,0,0,0,0
11/8/18 6:15,R_2pLxJ5J7xVmukJC,7,5.625,0.000,6.00,5.25,0.00,0.00,7,4,6,7,7,7,7,0,0,0,0,0,0,0,0,0,0,0,0,0,0,0
11/8/18 9:24,R_2dK0W1dtVgGyfVY,7,3.000,0.875,3.50,2.50,0.00,1.75,2,6,1,5,1,3,1,5,0,0,0,0,0,0,7,0,0,0,0,0,0,0
11/8/18 5:49,R_3m9TJsLAQUF506c,7,5.958,3.417,6.67,5.25,3.33,3.50,6,7,,7,6,4,6,5,4,,2,4,,3,4,,0.5,1.5,1,0,1,2
11/8/18 14:13,R_1opUgarCS8YVbmy,7,4.375,0.000,4.25,4.50,0.00,0.00,4,6,0,7,4,4,4,6,0,0,0,0,0,0,0,0,0,0,0,0,0,0
11/8/18 11:22,R_1r6BqeB7hAOGDsh,7,6.625,1.000,7.00,6.25,1.00,1.00,7,7,7,7,7,4,7,7,0,0,0,4,0,4,0,0,0,0,0,0,0,0
11/8/18 1:38,R_YXIUkXbygEFmq4x,7,5.500,3.125,5.25,5.75,2.00,4.25,6,4,5,6,6,6,6,5,2,,,,2,5,5,5,0,1.5,0,0,3,0
11/7/18 18:39,R_28TaTfzMk42Qyf0,7,6.625,1.000,6.25,7.00,0.00,2.00,7,7,4,7,7,7,7,7,0,0,0,0,4,0,4,0,0,0,0,0,0,0
11/7/18 18:23,R_2zpcu7NhfPpk3T5,7,6.375,4.875,6.00,6.75,3.75,6.00,6,6,5,7,6,7,7,7,0,4,4,7,7,5,5,7,0,0,0,0,0,0
11/8/18 8:18,R_3nMZuBQp2sYWejy,7,5.375,0.500,5.50,5.25,0.00,1.00,4,7,4,7,4,6,4,7,0,0,0,0,0,4,0,0,0,0,0,0,0,0
11/7/18 18:49,R_2dDVhR33CRjVkEF,7,4.458,5.000,4.67,4.25,,5.00,5,,4,5,5,5,5,2,,,,,5,,,,0.5,3.5,1,0,4,3
11/7/18 23:47,R_O75CJeqkPDsd6xj,7,6.000,6.500,6.50,5.50,,6.50,7,6,6,7,7,2,6,7,,,,,7,6,,,0,3,0,0,4,2
11/7/18 17:48,R_qO8EFXioRokOM6Z,7,6.125,0.500,5.25,7.00,0.00,1.00,7,7,0,7,7,7,7,7,0,0,0,0,0,4,0,0,0,0,0,0,0,0
11/7/18 18:35,R_2YFZQ4bohilXt4B,7,3.000,5.125,3.25,2.75,4.00,6.25,2,3,4,4,0,4,4,3,5,7,0,4,7,7,7,4,0,0,0,0,0,0
11/7/18 20:00,R_0oG06lhiHyVexSF,7,6.125,1.625,6.00,6.25,0.50,2.75,7,6,4,7,7,5,6,7,1,1,0,0,7,4,0,0,0,0,0,0,0,0
11/8/18 7:30,R_123Z7nb94Ep8o7n,7,6.417,5.250,6.33,6.50,5.25,5.25,7,,6,6,6,6,7,7,2,5,7,7,7,6,2,6,0.5,0,1,0,0,0
11/8/18 1:57,R_1jNAQYOLqGGlT6i,7,6.375,6.500,7.00,5.75,7.00,6.00,7,7,,7,7,2,7,7,,,7,,,6,,,0.5,3,1,0,3,3
11/7/18 17:56,R_2AHcnPdHMfUIqHs,7,4.542,4.250,3.75,5.33,4.00,4.50,6,2,3,4,6,,6,4,4,3,5,4,5,4,4,5,0.5,0,0,1,0,0
11/8/18 9:51,R_2aCy1XGyHeyFEFD,7,2.875,2.250,3.50,2.25,2.50,2.00,0,7,1,6,0,7,1,1,0,6,3,1,0,1,3,4,0,0,0,0,0,0
11/7/18 19:26,R_cZ4BO4r91Pu8dln,7,3.750,1.500,3.75,3.75,2.00,1.00,4,4,0,7,0,4,4,7,0,0,4,4,0,0,4,0,0,0,0,0,0,0
11/7/18 18:16,R_1LzgIj8va6cqvhe,7,6.000,3.000,5.00,7.00,3.00,,5,,,,7,7,,,2,4,4,2,,,,,2.5,2,3,2,0,4
11/7/18 21:27,R_32QFC9VnRNsuNJx,7,2.125,1.750,3.75,0.50,3.25,0.25,1,7,0,7,1,0,1,0,5,2,5,1,0,0,0,1,0,0,0,0,0,0
11/7/18 18:45,R_3k4Bj5qmYAuDxKF,7,3.625,0.000,4.00,3.25,0.00,0.00,2,7,0,7,2,2,2,7,0,0,0,0,0,0,0,0,0,0,0,0,0,0
11/7/18 18:25,R_8qW9NRwAdhJ7h9T,7,3.458,2.250,3.67,3.25,,2.25,3,4,,4,3,3,4,3,,,,,2,3,2,2,0.5,2,1,0,4,0
11/7/18 19:13,R_2EF8hkW76KRQ03l,7,3.875,3.583,3.75,4.00,3.50,3.67,4,5,3,3,5,4,3,4,4,4,4,2,3,4,4,,0,0.5,0,0,0,1
11/7/18 20:22,R_2wFgktxaGLTNqwn,7,5.750,2.875,6.50,5.00,3.75,2.00,6,7,6,7,6,4,4,6,4,4,4,3,3,1,0,4,0,0,0,0,0,0
11/7/18 18:40,R_2y77rAwqBbIYIK2,7,3.625,,3.75,3.50,,,3,4,4,4,4,4,4,2,,,,,,,,,0,4,0,0,4,4
11/8/18 12:38,R_wT4iG6XSnT5Bo41,7,6.500,3.250,6.25,6.75,4.00,2.50,6,7,5,7,7,7,6,7,,2,4,6,,3,2,,0,1.5,0,0,1,2
11/7/18 23:55,R_3dMpPW83FNIJsUG,7,6.000,3.250,5.50,6.50,3.00,3.50,6,6,4,6,7,7,6,6,0,0,6,6,4,6,0,4,0,0,0,0,0,0
11/8/18 14:39,R_3FWnBxIdwHLh4eT,7,5.500,3.875,5.50,5.50,3.25,4.50,5,,6,,7,6,6,3,2,5,4,2,,4,,5,1,1,2,0,0,2
11/7/18 17:46,R_2y24Zmqea7FNd38,7,6.000,2.125,6.50,5.50,2.50,1.75,6,7,6,7,6,7,6,3,1,4,0,5,0,0,6,1,0,0,0,0,0,0
11/8/18 6:18,R_1fZwf56BAAoZpLn,7,3.333,,4.67,2.00,,,3,5,,6,2,,2,,,,,,,,,,1.5,4,1,2,4,4
11/8/18 16:52,R_3MMBUisCVkMPCtX,7,6.625,4.083,6.25,7.00,4.50,3.67,5,7,6,7,7,7,7,7,4,4,5,5,2,6,3,,0,0.5,0,0,0,1
11/8/18 8:21,R_rowmWTl2AjrYiM9,7,3.875,0.000,4.25,3.50,0.00,0.00,2,5,3,7,3,4,4,3,0,0,0,0,0,0,0,0,0,0,0,0,0,0
11/8/18 7:36,R_daPqGpZNWaJDF1D,7,5.250,4.750,3.50,7.00,6.75,2.75,4,0,4,6,7,7,7,7,7,6,7,7,4,7,0,0,0,0,0,0,0,0
11/8/18 15:44,R_26fBPpnl4dpxz9x,7,4.875,4.000,5.25,4.50,1.50,6.50,5,6,5,5,5,5,5,3,2,2,0,2,7,7,6,6,0,0,0,0,0,0
11/7/18 20:36,R_1Lnw1vC8Lapbs6i,7,0.875,0.000,1.75,0.00,0.00,0.00,0,7,0,0,0,0,0,0,0,0,0,0,0,0,0,0,0,0,0,0,0,0
11/8/18 5:05,R_1pxqrWdhBVhnv1S,7,6.375,4.500,5.75,7.00,4.50,4.50,7,4,7,5,7,7,7,7,4,7,0,7,4,7,0,7,0,0,0,0,0,0
11/8/18 5:54,R_W1ls8w0B4g16Vxv,7,3.500,3.500,3.75,3.25,3.25,3.75,2,4,4,5,2,3,4,4,0,3,7,3,2,2,5,6,0,0,0,0,0,0
11/8/18 7:53,R_3qPfMbbycT5i18t,7,3.958,4.375,3.67,4.25,4.00,4.75,,5,2,4,6,4,4,3,6,5,3,2,5,5,4,5,0.5,0,1,0,0,0
11/7/18 18:44,R_3salwMz65VfAkM8,7,3.750,1.500,3.75,3.75,2.00,1.00,4,5,3,3,4,4,4,3,0,1,7,0,3,1,0,0,0,0,0,0,0,0
11/8/18 9:34,R_3rN7amxnM4MFwuG,7,6.875,5.000,7.00,6.75,6.50,3.50,7,7,7,7,7,7,7,6,7,7,7,5,0,7,7,0,0,0,0,0,0,0
11/7/18 17:49,R_ZrAxpi21G5G6Zrj,7,4.875,0.750,4.00,5.75,0.00,1.50,6,5,2,3,6,7,5,5,0,0,0,0,6,0,0,0,0,0,0,0,0,0
11/8/18 13:54,R_phrnjmIDsojmq41,7,6.875,0.875,6.75,7.00,1.75,0.00,6,7,7,7,7,7,7,7,0,7,0,0,0,0,0,0,0,0,0,0,0,0
11/7/18 22:59,R_39omDm4Oi3d8KwV,7,6.375,2.875,6.25,6.50,3.00,2.75,7,7,4,7,7,7,7,5,0,4,4,4,3,4,0,4,0,0,0,0,0,0
11/8/18 13:21,R_3D0VMQ8mjlpQjyD,7,6.750,3.000,6.50,7.00,,3.00,7,7,5,7,7,7,7,,,,,,2,4,,,0.5,3,0,1,4,2
11/7/18 19:25,R_UgowodtDOv3ZY09,7,4.042,3.250,3.75,4.33,2.50,4.00,5,4,4,2,5,5,3,,,,3,2,4,5,3,,0.5,1.5,0,1,2,1
11/7/18 20:44,R_2Xp7nf7KzInJTqK,7,0.750,3.500,0.25,1.25,4.00,3.00,1,0,0,0,2,2,1,0,3,7,5,1,6,2,2,2,0,0,0,0,0,0
11/8/18 3:35,R_2Yomaa15l6LT9TW,7,4.625,3.750,5.00,4.25,4.25,3.25,4,7,4,5,2,2,7,6,6,5,6,0,4,3,2,4,0,0,0,0,0,0
11/7/18 20:42,R_1NRgRawAiUR8hzj,7,5.875,2.250,6.25,5.50,3.00,1.50,6,6,6,7,6,6,6,4,0,4,4,4,0,4,0,2,0,0,0,0,0,0
11/8/18 10:45,R_1C1KPD2hGKGb3ai,7,5.000,3.500,5.50,4.50,4.25,2.75,4,7,4,7,4,4,6,4,3,6,4,4,6,4,1,0,0,0,0,0,0,0
11/8/18 7:16,R_2sXggV75a85Q8GC,7,5.000,4.750,5.00,5.00,4.50,5.00,5,5,5,5,5,6,,4,,2,,7,5,,,,0.5,2.5,0,1,2,3
11/8/18 11:54,R_1NwTJ7dFHTncuun,7,5.250,2.875,5.25,5.25,3.50,2.25,5,5,4,7,6,3,7,5,6,7,0,1,4,2,2,1,0,0,0,0,0,0
11/7/18 17:59,R_81VP98AcEkG615T,7,5.625,2.625,5.50,5.75,2.75,2.50,6,6,4,6,6,7,6,4,3,2,3,3,4,6,0,0,0,0,0,0,0,0
11/7/18 20:16,R_3h5SJXwQSP4AtUN,8,3.375,,3.50,3.25,,,3,6,1,4,3,3,3,4,,,,,,,,,0,4,0,0,4,4
11/8/18 12:12,R_24xejpjVRbxYDPE,8,4.375,2.875,4.50,4.25,2.25,3.50,2,7,4,5,5,3,4,5,1,1,4,3,3,4,,,0,1,0,0,0,2
11/7/18 18:44,R_2382EYLFpLBNYbG,8,7.000,6.250,7.00,7.00,7.00,5.50,7,7,7,7,7,7,7,7,,,7,,7,1,7,7,0,1.5,0,0,3,0
11/8/18 16:44,R_2rYJMYauQXCzqnf,8,5.833,3.333,5.67,6.00,,3.33,3,7,,7,4,6,7,7,,,,,2,,7,1,0.5,2.5,1,0,4,1
11/8/18 5:25,R_3kcZ6TCUWUditDG,8,6.125,2.000,6.00,6.25,2.00,2.00,6,6,6,6,6,7,6,6,,,3,1,,,2,,0,2.5,0,0,2,3
11/7/18 17:56,R_1LMC4rvL9sZJURU,8,5.000,5.000,6.00,4.00,7.00,3.00,5,6,,7,6,2,4,,,7,,,5,1,,,1,2.5,1,1,3,2
11/7/18 18:45,R_zePM2CW16OlDg1b,8,3.167,4.000,3.00,3.33,4.00,4.00,6,1,3,2,4,5,,1,2,7,4,3,5,,1,6,0.5,0.5,0,1,0,1
11/8/18 8:51,R_WC2404mItTVAXnj,8,6.500,3.500,6.00,7.00,4.50,2.50,6,5,6,7,7,7,,7,4,3,5,6,1,4,3,2,0.5,0,0,1,0,0
11/7/18 21:04,R_uyw4jOzJI9JwKuR,8,5.875,1.500,6.00,5.75,,1.50,6,6,6,6,6,6,5,6,,,,,,,2,1,0,3,0,0,4,2
11/8/18 6:55,R_12E9DKQyokPWTCO,8,6.125,1.000,6.00,6.25,1.00,1.00,5,7,,6,7,6,6,6,1,1,1,1,1,1,1,1,0.5,0,1,0,0,0
11/8/18 12:31,R_3FPg0KnTPKbx0A8,8,2.167,4.000,2.00,2.33,4.00,,1,2,1,4,1,4,2,,,4,,,,,,,0.5,3.5,0,1,3,4
11/8/18 5:11,R_2rtyeReSsgwZacV,8,6.375,1.500,5.75,7.00,1.50,,6,7,5,5,7,7,7,,2,,1,,,,,,0.5,3,0,1,2,4
11/8/18 13:09,R_3GpMvMeUyIN0O7R,8,3.000,,2.33,3.67,,,3,1,,3,5,2,4,,,,,,,,,,1,4,1,1,4,4
11/7/18 18:51,R_210LlovzgtxA4eE,8,2.458,,2.25,2.67,,,4,2,1,2,3,3,2,,,,,,,,,,0.5,4,0,1,4,4
11/7/18 17:48,R_72uVb5wYKJ1DGVP,8,6.000,1.000,6.00,6.00,1.00,,6,6,6,6,6,6,6,6,1,,,,,,,,0,3.5,0,0,3,4
11/8/18 17:22,R_2zCOpey7zPP8ZMO,8,6.000,4.375,6.00,6.00,3.75,5.00,6,6,,6,6,6,6,6,1,2,6,6,6,6,6,2,0.5,0,1,0,0,0
11/8/18 7:01,R_1mjRY6wfNNCAqW8,8,2.375,,2.25,2.50,,,3,2,2,2,3,3,3,1,,,,,,,,,0,4,0,0,4,4
11/8/18 5:01,R_2ToDGlxOmL4ptTz,8,6.250,1.000,5.50,7.00,,1.00,7,4,4,7,7,7,7,7,,,,,1,,,,0,3.5,0,0,4,3
11/7/18 23:24,R_0lxnFmaRhYCLNPr,8,5.000,3.125,4.00,6.00,2.25,4.00,4,,,,7,,7,4,3,4,1,1,4,,4,4,2,0.5,3,1,0,1
11/8/18 6:07,R_3gMgsPcgJQIQQu5,8,3.208,,3.67,2.75,,,3,4,,4,3,4,3,1,,,,,,,,,0.5,4,1,0,4,4
11/7/18 22:04,R_Xp2YNyYtuNQmrDj,8,6.292,4.250,6.33,6.25,1.50,7.00,7,5,,7,7,7,7,4,,,2,1,,,7,,0.5,2.5,1,0,2,3
11/8/18 9:31,R_xGixPZA2VXJZnSF,8,5.000,2.750,5.00,5.00,1.50,4.00,4,7,4,,6,6,5,3,1,2,2,1,4,2,6,4,0.5,0,1,0,0,0
11/7/18 20:33,R_1NQ3hDBiJ6TuPvj,8,1.375,,1.75,1.00,,,1,3,1,2,1,1,1,,,,,,,,,,0.5,4,0,1,4,4
11/7/18 18:14,R_3kbtj14wMgxKMNm,8,5.625,4.000,5.00,6.25,,4.00,7,1,5,7,7,6,6,6,,,,,,4,,,0,3.5,0,0,4,3
11/8/18 0:13,R_2WGCBO0KuieMryJ,9,5.958,3.000,5.67,6.25,2.00,4.00,4,7,,6,7,7,4,7,,4,,0,4,,,,0.5,2.5,1,0,2,3
11/7/18 18:12,R_eDtjiMUUvVHwWlj,9,5.667,3.500,4.33,7.00,3.50,,6,0,,7,7,7,7,7,,0,,7,,,,,0.5,3,1,0,2,4
11/7/18 20:50,R_1QJGDNx2pPwy3ks,9,2.250,2.083,1.75,2.75,3.50,0.67,3,0,0,4,5,1,3,2,0,5,4,5,2,0,0,,0,0.5,0,0,0,1
11/8/18 7:12,R_4MzreRRmItq2CAx,9,0.000,0.000,0.00,0.00,0.00,0.00,0,0,0,0,0,0,0,0,,0,,0,,0,0,,0,2,0,0,2,2
11/7/18 21:09,R_2BfhaF81ySXdXCU,9,6.250,5.250,6.25,6.25,4.50,6.00,7,7,4,7,7,4,7,7,0,7,4,7,4,7,7,,0,0.5,0,0,0,1
11/8/18 11:06,R_2wB6CdHkozVmOSF,9,4.333,3.250,3.67,5.00,3.75,2.75,4,7,0,,4,5,5,6,6,2,3,4,2,3,6,0,0.5,0,1,0,0,0
11/8/18 6:06,R_2dMuspKjZGtLHt3,9,5.375,2.000,5.00,5.75,0.00,4.00,5,5,5,5,6,6,6,5,,0,,,,4,,,0,3,0,0,3,3
11/8/18 7:46,R_3koo4Uw3hRq5N6o,9,0.000,0.000,0.00,0.00,0.00,0.00,0,,0,,0,0,0,0,0,0,0,0,0,0,0,0,1,0,2,0,0,0
11/8/18 15:10,R_O1gisoAjjozjJfP,9,4.625,1.750,5.00,4.25,2.00,1.50,6,6,4,4,6,5,3,3,,5,1,0,,,2,1,0,1.5,0,0,1,2
11/8/18 6:44,R_2zGuLuziQpnHyFU,9,5.750,4.250,6.25,5.25,2.50,6.00,4,7,7,7,0,7,7,7,,,0,5,4,7,7,,0,1.5,0,0,2,1
11/7/18 21:07,R_3D2xFb16QzA3fvV,9,1.917,0.000,1.33,2.50,0.00,0.00,2,2,,0,3,2,,,0,0,,,0,0,,,1.5,2,1,2,2,2
11/7/18 22:17,R_2mboa6lzFG2Idgd,9,6.250,3.625,6.00,6.50,2.25,5.00,6,7,4,7,6,7,6,7,0,2,1,6,6,3,6,,0,0.5,0,0,0,1
11/7/18 18:58,R_3eryiiK4sEwaqw0,9,5.625,3.667,6.50,4.75,1.33,6.00,7,7,5,7,7,4,7,1,,1,0,3,7,4,7,,0,1,0,0,1,1
11/8/18 17:33,R_2101vvRYO2Ccn7u,9,3.333,0.500,3.67,3.00,0.50,0.50,1,5,,5,1,3,5,3,0,1,0,1,0,2,0,0,0.5,0,1,0,0,0
11/7/18 17:50,R_1MXRA4zaZR97Rsq,9,2.500,7.000,1.00,4.00,7.00,,0,,,2,4,4,4,4,,,7,,,,,,1,3.5,2,0,3,4
11/7/18 18:54,R_3k08nfzz3dm9Cve,9,5.625,0.500,5.00,6.25,1.00,0.00,6,5,4,,6,6,6,7,1,1,0,2,0,0,0,0,0.5,0,1,0,0,0
11/8/18 8:28,R_1RHKcipwKEZNk5j,9,3.833,1.500,3.67,4.00,1.00,2.00,4,,0,7,4,4,4,4,0,4,0,0,4,0,0,4,0.5,0,1,0,0,0
11/8/18 7:36,R_1mxE7XodOZDC7Dt,9,0.000,0.000,0.00,0.00,0.00,,0,0,,0,0,0,0,0,,,,0,,,,,0.5,3.5,1,0,3,4
11/8/18 18:19,R_1rcOor0Nb13ZZg7,9,1.500,0.000,2.00,1.00,0.00,0.00,2,2,1,3,1,1,1,,0,,0,0,0,0,,,0.5,1.5,0,1,1,2
11/7/18 20:42,R_2c0Lbui6uvTissV,9,3.333,0.000,1.67,5.00,0.00,0.00,5,,0,0,5,5,5,5,0,0,0,0,0,0,0,0,0.5,0,1,0,0,0
11/8/18 9:12,R_3gRuj7acGuOa2bG,9,3.500,,5.25,1.75,,,7,7,0,7,7,0,0,0,,,,,,,,,0,4,0,0,4,4
11/7/18 22:55,R_2OOvh83cBAsw1kg,9,3.667,3.000,3.33,4.00,,3.00,0,4,,6,4,4,4,4,,,,,3,,,,0.5,3.5,1,0,4,3
11/7/18 18:54,R_vJOpsim2MGck1ep,9,6.750,3.500,6.50,7.00,0.00,7.00,7,7,5,7,7,7,7,7,,,0,,,,7,,0,3,0,0,3,3
11/7/18 17:54,R_2VDqwlqtEE26s80,9,6.000,0.000,6.00,6.00,0.00,,,6,6,6,6,6,6,6,0,,,,,,,,0.5,3.5,1,0,3,4
11/7/18 23:24,R_24FWNXSJt2s2ULI,9,5.000,3.167,4.00,6.00,4.33,2.00,3,2,4,7,6,5,6,7,,3,6,4,,0,4,,0,1.5,0,0,1,2
11/7/18 23:23,R_3nc17lF0PN7gJ5Q,9,7.000,3.500,7.00,7.00,0.00,7.00,7,7,,7,7,7,7,,,,0,,,,7,,1,3,1,1,3,3
11/8/18 9:23,R_3O6yqbYBbyRe2RG,9,5.250,1.917,5.50,5.00,1.50,2.33,6,6,3,7,7,5,7,1,0,4,0,2,0,6,,1,0,0.5,0,0,0,1
11/8/18 18:16,R_3gXi1XtefWc7Lff,9,0.000,,0.00,0.00,,,0,0,0,0,0,0,0,,,,,,,,,,0.5,4,0,1,4,4
11/7/18 17:48,R_2q4R3z9NkBBhIRS,9,6.125,2.917,5.25,7.00,3.50,2.33,7,7,0,7,7,7,7,7,,,0,7,0,0,7,,0,1.5,0,0,2,1
11/8/18 11:27,R_rdODZWgQTstCGR3,9,1.125,0.333,1.00,1.25,0.67,0.00,1,3,0,0,2,1,1,1,0,1,,1,0,0,0,,0,1,0,0,1,1
11/7/18 21:06,R_3qU6C3WzXrcDKnu,9,5.125,0.833,5.00,5.25,1.00,0.67,5,5,5,5,5,5,5,6,0,,0,3,0,,1,1,0,1,0,0,1,1
11/8/18 9:31,R_yxR9CfQRC9Udfd7,9,4.500,1.000,4.50,4.50,,1.00,4,7,0,7,4,4,3,7,,,,,1,,,,0,3.5,0,0,4,3
11/7/18 19:08,R_0uGT9iLlsoDt9WF,9,5.667,4.333,6.33,5.00,4.67,4.00,7,7,,5,5,6,4,5,4,,6,4,0,5,5,6,0.5,0.5,1,0,1,0
11/8/18 13:28,R_x9jjDiW8qfe5XFL,9,5.500,,6.00,5.00,,,4,7,,7,7,0,6,7,,,,,,,,,0.5,4,1,0,4,4
11/8/18 7:37,R_27pYwpHCFAniTTq,9,7.000,3.500,7.00,7.00,7.00,0.00,7,7,,7,7,,7,7,,,7,,0,,0,,1,2.5,1,1,3,2
11/7/18 17:48,R_1Pdb61aieOvS5aX,9,1.417,,1.50,1.33,,,0,2,0,4,2,1,1,,,,,,,,,,0.5,4,0,1,4,4
11/7/18 19:14,R_1JJhDZwoucE8C5s,9,2.208,0.875,2.75,1.67,0.75,1.00,3,5,1,2,2,1,2,,1,1,0,1,1,2,1,0,0.5,0,0,1,0,0
11/8/18 14:43,R_3EZiqXKOv8MAl90,9,4.917,0.000,4.33,5.50,0.00,,5,2,,6,6,5,5,6,,,0,,,,,,0.5,3.5,1,0,3,4
11/8/18 9:16,R_1jvt2P8KhNZOihi,9,3.500,,2.00,5.00,,,5,0,,1,5,5,5,5,,,,,,,,,0.5,4,1,0,4,4
11/8/18 5:49,R_3dWeWwBAmiriaJv,9,3.750,5.000,2.50,5.00,5.00,5.00,0,,5,,5,,5,,5,,,,5,,,5,2,2.5,2,2,3,2
11/8/18 18:29,R_WD5MbtR2Haj8Xx7,9,0.000,0.000,0.00,0.00,,0.00,0,0,0,0,0,0,0,0,,,,,0,,,,0,3.5,0,0,4,3
11/8/18 6:56,R_41LcVhAJ6cSCoGB,9,7.000,2.000,7.00,7.00,4.00,0.00,7,7,,7,7,7,7,7,,,4,,0,,0,0,0.5,2,1,0,3,1
11/8/18 10:44,R_1GEvQnKgDhRibKf,9,0.250,,0.25,0.25,,,1,0,0,0,1,0,0,0,,,,,,,,,0,4,0,0,4,4
11/7/18 21:21,R_2TsJTiIkZaZSLNK,9,4.500,,6.33,2.67,,,6,7,,6,4,4,,0,,,,,,,,,1,4,1,1,4,4
11/8/18 7:08,R_1gOr2MtZtthfqg9,9,3.250,2.750,4.00,2.50,1.75,3.75,3,,,5,2,2,1,5,0,1,3,3,1,5,6,3,1,0,2,0,0,0
11/8/18 6:26,R_3fH3BXEQJmjYkEV,9,4.083,0.000,4.67,3.50,0.00,0.00,7,7,0,,7,0,7,0,0,0,0,0,0,0,0,0,0.5,0,1,0,0,0
11/7/18 18:01,R_3nHjb0DxghpMMeH,9,5.625,3.667,5.50,5.75,3.67,,4,7,4,7,4,7,5,7,0,,7,4,,,,,0,2.5,0,0,1,4
11/7/18 19:46,R_Zs23aS0vRucK1xf,9,6.500,0.000,6.25,6.75,0.00,,6,5,7,7,6,7,7,7,0,0,,,,,,,0,3,0,0,2,4
11/7/18 17:49,R_0qwpRQ4wyBM722R,9,5.500,2.000,5.75,5.25,0.00,4.00,5,6,6,6,5,6,6,4,0,,0,,,,4,,0,2.5,0,0,2,3
11/7/18 22:03,R_1gAyqn2FigN5Wcf,9,5.417,0.000,5.33,5.50,0.00,0.00,7,6,,3,6,6,5,5,,,,0,,,0,0,0.5,2.5,1,0,3,2
11/7/18 18:09,R_3fH1LOz5MZWAOG8,9,6.250,3.625,6.25,6.25,4.75,2.50,6,7,5,7,5,7,6,7,0,7,5,7,0,5,,,0,1,0,0,0,2
11/8/18 8:57,R_x9rKNN3ych7lnTb,9,0.000,0.000,0.00,0.00,,0.00,0,0,0,0,0,0,0,0,,,,,,0,,,0,3.5,0,0,4,3
11/8/18 5:49,R_pQPwCJHaMZfgycx,9,5.625,4.000,4.75,6.50,4.00,,6,7,6,0,7,7,6,6,4,,,,,,,,0,3.5,0,0,3,4
11/8/18 6:32,R_2fiLySe7p9E42vJ,9,5.250,3.667,5.25,5.25,3.00,4.33,6,5,5,5,6,5,7,3,0,0,6,6,,6,7,0,0,0.5,0,0,0,1
11/8/18 6:54,R_2EbZTMj9ZEiDPZh,9,1.708,5.500,1.67,1.75,7.00,4.00,0,3,,2,2,2,2,1,,7,,,,4,,,0.5,3,1,0,3,3
11/8/18 13:30,R_9sIQWZILLtPkrMB,9,2.083,,3.50,0.67,,,0,7,0,7,0,1,1,,,,,,,,,,0.5,4,0,1,4,4
11/8/18 10:51,R_3QSjdP24gokk2ou,9,5.458,3.500,4.67,6.25,5.00,2.00,6,2,,6,7,6,7,5,,,,5,3,5,0,0,0.5,1.5,1,0,3,0
11/7/18 23:37,R_2ccM5eiVD17dNBf,9,6.500,3.500,6.33,6.67,3.50,,5,,7,7,6,7,,7,,,0,7,,,,,1,3,1,1,2,4
11/7/18 18:50,R_2zkaJ7OWATJk5qM,9,3.875,0.000,4.25,3.50,,0.00,3,6,1,7,2,3,3,6,,,,,0,,,,0,3.5,0,0,4,3
11/7/18 21:33,R_1psx7kbIy3zPXTQ,9,5.125,3.208,5.25,5.00,3.75,2.67,5,6,4,6,5,5,5,5,0,5,4,6,,4,4,0,0,0.5,0,0,0,1
11/8/18 16:52,R_2yf1KBSqAgTR6Ut,9,5.458,1.500,6.67,4.25,0.00,3.00,6,7,,7,5,0,6,6,0,0,,,0,,6,,0.5,2,1,0,2,2
11/7/18 23:14,R_1isX4Agtcr0aoSo,9,4.750,2.125,4.25,5.25,2.25,2.00,3,5,2,7,5,6,6,4,0,1,6,2,4,2,0,,0,0.5,0,0,0,1
11/7/18 20:54,R_20ZseIMjEKVRCYV,9,5.500,0.000,6.00,5.00,0.00,,5,7,,6,5,5,5,,0,,,,,,,,1,3.5,1,1,3,4
11/7/18 19:17,R_Qm6vfOeYQTnLpwB,9,6.625,6.125,6.25,7.00,5.25,7.00,7,4,7,7,7,7,7,,7,7,0,7,7,7,7,7,0.5,0,0,1,0,0
11/8/18 1:59,R_3PvsjoAyutDUSeZ,9,4.375,0.500,3.75,5.00,1.00,0.00,5,0,5,5,5,5,5,5,,,2,0,,0,,,0,2.5,0,0,2,3
11/8/18 8:26,R_3h9JGdVxUH9uEzL,9,5.875,0.875,6.00,5.75,1.50,0.25,6,,6,,7,4,6,6,0,0,6,0,1,0,0,0,1,0,2,0,0,0
11/7/18 18:15,R_3dRDBy2SOSqEhyv,9,1.000,,1.00,1.00,,,0,2,,1,1,,,,,,,,,,,,2,4,1,3,4,4
11/8/18 8:09,R_2tgsOkA8SiMqNBh,9,2.333,,2.00,2.67,,,0,,,4,0,4,4,,,,,,,,,,1.5,4,2,1,4,4
11/7/18 17:46,R_3HuboK6YrxSkPXf,9,2.083,0.000,1.67,2.50,,0.00,1,2,,2,0,4,2,4,,,,,0,,,,0.5,3.5,1,0,4,3
11/7/18 18:53,R_XHVRby08HuAJgdz,9,5.292,1.333,5.33,5.25,1.33,,5,6,5,,6,5,6,4,0,0,,4,,,,,0.5,2.5,1,0,1,4
11/7/18 21:19,R_3lGJk1kEVw3wCxA,9,0.625,,0.25,1.00,,,0,1,0,0,1,1,1,,,,,,,,,,0.5,4,0,1,4,4
11/7/18 20:50,R_33scIUANv1OVeSJ,9,4.375,3.750,4.00,4.75,6.00,1.50,2,,,6,4,4,4,7,,,,6,0,3,,,1,2.5,2,0,3,2
11/8/18 1:21,R_3Jtkc3wU9Kne3mW,9,4.500,2.750,4.00,5.00,2.00,3.50,5,3,3,5,5,5,5,5,0,4,,,0,7,,,0,2,0,0,2,2
11/7/18 17:54,R_1gbzFrrKUaffwsT,9,6.750,0.000,6.50,7.00,,0.00,7,7,7,5,7,7,7,7,,,,,,,0,,0,3.5,0,0,4,3
11/8/18 12:24,R_sFsGiZIl1ZDTFkd,9,4.250,,1.50,7.00,,,1,0,3,2,7,7,7,,,,,,,,,,0.5,4,0,1,4,4
11/7/18 18:50,R_pskxCAPEI37t4Wt,9,5.708,2.000,6.75,4.67,2.00,,7,7,6,7,4,4,,6,,,0,4,,,,,0.5,3,0,1,2,4
11/7/18 20:44,R_3nfrVblZEzEP8B4,9,4.750,3.083,5.75,3.75,3.50,2.67,5,6,5,7,2,3,3,7,4,4,0,6,,4,0,4,0,0.5,0,0,0,1
11/8/18 6:32,R_3PStMdexWdSGaUQ,9,6.458,4.000,6.25,6.67,3.25,4.75,5,6,7,7,6,,7,7,4,4,0,5,6,6,3,4,0.5,0,0,1,0,0
11/7/18 21:57,R_R3tnhHCtsTqLnpL,9,6.500,3.208,6.00,7.00,3.75,2.67,7,6,4,7,7,7,7,,5,6,0,4,4,4,0,,0.5,0.5,0,1,0,1
11/8/18 4:11,R_3pmATJq5eterlaj,9,6.125,7.000,5.25,7.00,7.00,7.00,7,7,0,7,7,7,7,7,7,,,7,,7,,,0,2.5,0,0,2,3
11/8/18 14:16,R_2EyhmROye0UkAyv,9,6.125,0.500,6.25,6.00,0.00,1.00,7,6,6,6,,,,6,0,0,0,0,0,4,0,0,1.5,0,0,3,0,0
11/7/18 22:41,R_3siXChOvqyxnHPl,9,6.333,1.167,6.67,6.00,2.33,0.00,7,6,,7,6,5,7,,0,0,7,,0,0,,,1,1.5,1,1,1,2
11/8/18 14:55,R_2OMYj57y3AAjJ7L,9,2.000,0.000,0.00,4.00,0.00,0.00,0,0,,0,4,,,,,,,0,0,,0,,2,2.5,1,3,3,2
11/7/18 19:21,R_1DorCnCY7MnIB5S,9,5.625,1.000,5.75,5.50,2.00,0.00,5,7,4,7,5,5,5,7,0,,,4,0,0,0,0,0,1,0,0,2,0
11/7/18 17:58,R_Dvf2RcdSRvA4Opb,9,3.500,5.000,2.33,4.67,5.00,,0,5,,2,,7,2,5,,,,5,,,,,1,3.5,1,1,3,4
11/7/18 18:22,R_3HoSTXoF1ClGAHM,9,3.500,,4.00,3.00,,,4,4,,,2,4,6,0,,,,,,,,,1,4,2,0,4,4
11/8/18 14:10,R_yqfPZzz11HJR6jD,9,6.583,1.250,6.67,6.50,0.00,2.50,7,7,,6,7,7,5,7,,,,0,,4,1,,0.5,2.5,1,0,3,2
11/8/18 5:19,R_Xv4msv6jsSWIQPT,9,5.750,3.292,6.00,5.50,4.25,2.33,7,7,3,7,6,4,6,6,6,6,0,5,,3,0,4,0,0.5,0,0,0,1
11/8/18 14:26,R_1DCn7TED94jUXzk,9,1.625,1.417,1.00,2.25,1.50,1.33,0,0,0,4,0,1,1,7,0,,3,,4,,0,0,0,1.5,0,0,2,1
11/8/18 14:01,R_UWmApMWjzjdQDbb,9,6.458,0.000,6.67,6.25,0.00,,7,7,,6,6,7,6,6,,,,0,,,,,0.5,3.5,1,0,3,4